MM:DD:YYYY hh:mm:ss,Library_Version,Session_type,Device_Number,Battery_Voltage,Motor_Turns,FR,Event,Active_Poke,Left_Poke_Count,Right_Poke_Count,Pellet_Count,Block_Pellet_Count,Retrieval_Time,InterPelletInterval,Poke_Time
1/10/2022 11:08:12,1.11.0,FR1,3,3.69,1,1,Left,Left,1,0,0,0,nan,nan,0.35
1/10/2022 11:08:13,1.11.0,FR1,3,3.70,1,1,Pellet,Left,1,0,1,0,0.68,nan,nan
1/10/2022 11:10:33,1.11.0,FR1,3,3.69,1,1,Right,Left,1,1,1,0,nan,nan,0.17
1/10/2022 11:11:09,1.11.0,FR1,3,3.70,1,1,Right,Left,1,2,1,0,nan,nan,0.69
1/10/2022 11:11:38,1.11.0,FR1,3,3.70,1,1,Left,Left,2,2,1,0,nan,nan,0.15
1/10/2022 11:11:55,1.11.0,FR1,3,3.70,1,1,Pellet,Left,2,2,2,0,16.39,222,nan
1/10/2022 11:13:49,1.11.0,FR1,3,3.73,1,1,Left,Left,3,2,2,0,nan,nan,0.03
1/10/2022 11:13:50,1.11.0,FR1,3,3.74,1,1,Pellet,Left,3,2,3,0,0.20,115,nan
1/10/2022 11:15:38,1.11.0,FR1,3,3.74,1,1,Right,Left,3,3,3,0,nan,nan,0.16
1/10/2022 11:30:09,1.11.0,FR1,3,3.74,1,1,Right,Left,3,4,3,0,nan,nan,0.21
1/10/2022 13:32:04,1.11.0,FR1,3,3.83,1,1,Right,Left,3,5,3,0,nan,nan,0.85
1/10/2022 13:32:05,1.11.0,FR1,3,3.83,1,1,Right,Left,3,6,3,0,nan,nan,0.07
1/10/2022 13:32:41,1.11.0,FR1,3,3.83,1,1,Right,Left,3,7,3,0,nan,nan,1.13
1/10/2022 15:47:37,1.11.0,FR1,3,3.91,1,1,Right,Left,3,8,3,0,nan,nan,0.01
1/10/2022 15:49:39,1.11.0,FR1,3,3.91,1,1,Left,Left,4,8,3,0,nan,nan,0.70
1/10/2022 15:49:44,1.11.0,FR1,3,3.91,1,1,Pellet,Left,4,8,4,0,4.29,16554,nan
1/10/2022 15:51:22,1.11.0,FR1,3,3.91,1,1,Left,Left,5,8,4,0,nan,nan,0.15
1/10/2022 15:51:24,1.11.0,FR1,3,3.91,1,1,Pellet,Left,5,8,5,0,1.70,100,nan
1/10/2022 15:56:52,1.11.0,FR1,3,3.93,1,1,Left,Left,6,8,5,0,nan,nan,0.30
1/10/2022 15:57:04,1.11.0,FR1,3,3.92,2,1,Pellet,Left,6,8,6,0,9.36,340,nan
1/10/2022 17:39:15,1.11.0,FR1,3,3.98,1,1,Left,Left,7,8,6,0,nan,nan,0.02
1/10/2022 17:39:22,1.11.0,FR1,3,3.98,1,1,Pellet,Left,7,8,7,0,6.62,6138,nan
1/10/2022 19:12:38,1.11.0,FR1,3,4.03,1,1,Right,Left,7,9,7,0,nan,nan,0.26
1/10/2022 19:12:40,1.11.0,FR1,3,4.03,1,1,Right,Left,7,10,7,0,nan,nan,1.01
1/10/2022 19:12:41,1.11.0,FR1,3,4.02,1,1,Right,Left,7,11,7,0,nan,nan,0.00
1/10/2022 19:12:43,1.11.0,FR1,3,4.03,1,1,Right,Left,7,12,7,0,nan,nan,0.14
1/10/2022 19:30:52,1.11.0,FR1,3,4.04,1,1,Right,Left,7,13,7,0,nan,nan,0.04
1/10/2022 20:29:45,1.11.0,FR1,3,4.08,1,1,Left,Left,8,13,7,0,nan,nan,0.03
1/10/2022 20:29:46,1.11.0,FR1,3,4.08,1,1,Pellet,Left,8,13,8,0,1.02,10224,nan
1/10/2022 21:12:07,1.11.0,FR1,3,4.10,1,1,Right,Left,8,14,8,0,nan,nan,0.21
1/10/2022 21:12:08,1.11.0,FR1,3,4.10,1,1,Right,Left,8,15,8,0,nan,nan,0.17
1/10/2022 21:12:09,1.11.0,FR1,3,4.10,1,1,Right,Left,8,16,8,0,nan,nan,0.00
1/10/2022 21:34:19,1.11.0,FR1,3,4.12,1,1,Right,Left,8,17,8,0,nan,nan,0.00
1/10/2022 21:37:18,1.11.0,FR1,3,4.12,1,1,Left,Left,9,17,8,0,nan,nan,0.06
1/10/2022 21:37:19,1.11.0,FR1,3,4.12,1,1,Pellet,Left,9,17,9,0,0.54,4053,nan
1/10/2022 21:38:16,1.11.0,FR1,3,4.12,1,1,Left,Left,10,17,9,0,nan,nan,0.25
1/10/2022 21:38:18,1.11.0,FR1,3,4.12,1,1,Pellet,Left,10,17,10,0,0.88,59,nan
1/10/2022 21:39:13,1.11.0,FR1,3,4.12,1,1,Left,Left,11,17,10,0,nan,nan,0.05
1/10/2022 21:39:14,1.11.0,FR1,3,4.12,1,1,Pellet,Left,11,17,11,0,0.68,56,nan
1/10/2022 21:41:22,1.11.0,FR1,3,4.12,1,1,Left,Left,12,17,11,0,nan,nan,0.14
1/10/2022 21:41:23,1.11.0,FR1,3,4.12,1,1,Pellet,Left,12,17,12,0,0.34,129,nan
1/10/2022 21:43:32,1.11.0,FR1,3,4.12,1,1,Left,Left,13,17,12,0,nan,nan,0.11
1/10/2022 21:43:34,1.11.0,FR1,3,4.12,1,1,Pellet,Left,13,17,13,0,0.88,131,nan
1/10/2022 21:56:18,1.11.0,FR1,3,4.12,1,1,Right,Left,13,18,13,0,nan,nan,0.06
1/10/2022 22:56:03,1.11.0,FR1,3,4.18,1,1,Right,Left,13,19,13,0,nan,nan,0.20
1/10/2022 23:06:00,1.11.0,FR1,3,4.19,1,1,Left,Left,14,19,13,0,nan,nan,0.28
1/10/2022 23:06:02,1.11.0,FR1,3,4.19,1,1,Pellet,Left,14,19,14,0,1.29,4948,nan
1/10/2022 23:34:08,1.11.0,FR1,3,4.21,1,1,Right,Left,14,20,14,0,nan,nan,0.00
1/10/2022 23:38:53,1.11.0,FR1,3,4.22,1,1,Left,Left,15,20,14,0,nan,nan,0.05
1/10/2022 23:38:54,1.11.0,FR1,3,4.21,1,1,Pellet,Left,15,20,15,0,0.47,1972,nan
1/11/2022 0:08:24,1.11.0,FR1,3,4.22,1,1,Left,Left,16,20,15,0,nan,nan,0.52
1/11/2022 0:08:25,1.11.0,FR1,3,4.22,1,1,Pellet,Left,16,20,16,0,0.40,1771,nan
1/11/2022 0:17:39,1.11.0,FR1,3,4.21,1,1,Left,Left,17,20,16,0,nan,nan,0.30
1/11/2022 0:17:40,1.11.0,FR1,3,4.21,1,1,LeftWithPellet,Left,18,20,16,0,nan,nan,0.16
1/11/2022 0:17:41,1.11.0,FR1,3,4.20,1,1,Pellet,Left,18,20,17,0,1.15,556,nan
1/11/2022 0:18:46,1.11.0,FR1,3,4.20,1,1,Left,Left,19,20,17,0,nan,nan,0.03
1/11/2022 0:18:47,1.11.0,FR1,3,4.21,1,1,Pellet,Left,19,20,18,0,0.40,66,nan
1/11/2022 0:20:42,1.11.0,FR1,3,4.21,1,1,Left,Left,20,20,18,0,nan,nan,0.00
1/11/2022 0:20:44,1.11.0,FR1,3,4.20,1,1,Pellet,Left,20,20,19,0,1.70,117,nan
1/11/2022 0:21:33,1.11.0,FR1,3,4.21,1,1,Left,Left,21,20,19,0,nan,nan,0.03
1/11/2022 0:21:34,1.11.0,FR1,3,4.20,1,1,Pellet,Left,21,20,20,0,0.47,50,nan
1/11/2022 0:26:16,1.11.0,FR1,3,4.20,1,1,Left,Left,22,20,20,0,nan,nan,0.44
1/11/2022 0:26:18,1.11.0,FR1,3,4.20,1,1,Pellet,Left,22,20,21,0,1.36,284,nan
1/11/2022 0:26:41,1.11.0,FR1,3,4.20,1,1,Left,Left,23,20,21,0,nan,nan,0.05
1/11/2022 0:26:43,1.11.0,FR1,3,4.20,1,1,LeftWithPellet,Left,24,20,21,0,nan,nan,0.13
1/11/2022 0:26:44,1.11.0,FR1,3,4.20,1,1,LeftWithPellet,Left,25,20,21,0,nan,nan,0.30
1/11/2022 0:26:45,1.11.0,FR1,3,4.20,1,1,Pellet,Left,25,20,22,0,3.18,27,nan
1/11/2022 0:27:07,1.11.0,FR1,3,4.20,1,1,Left,Left,26,20,22,0,nan,nan,0.32
1/11/2022 0:27:08,1.11.0,FR1,3,4.21,1,1,Pellet,Left,26,20,23,0,0.41,23,nan
1/11/2022 0:27:37,1.11.0,FR1,3,4.20,1,1,Left,Left,27,20,23,0,nan,nan,0.57
1/11/2022 0:27:40,1.11.0,FR1,3,4.20,2,1,Pellet,Left,27,20,24,0,0.47,32,nan
1/11/2022 0:28:22,1.11.0,FR1,3,4.21,1,1,Left,Left,28,20,24,0,nan,nan,0.04
1/11/2022 0:28:23,1.11.0,FR1,3,4.20,1,1,Pellet,Left,28,20,25,0,0.40,43,nan
1/11/2022 0:28:49,1.11.0,FR1,3,4.20,1,1,Left,Left,29,20,25,0,nan,nan,0.20
1/11/2022 0:28:50,1.11.0,FR1,3,4.21,1,1,Pellet,Left,29,20,26,0,0.20,27,nan
1/11/2022 0:29:24,1.11.0,FR1,3,4.20,1,1,Left,Left,30,20,26,0,nan,nan,0.50
1/11/2022 0:29:26,1.11.0,FR1,3,4.20,1,1,Pellet,Left,30,20,27,0,1.29,36,nan
1/11/2022 0:29:58,1.11.0,FR1,3,4.20,1,1,Left,Left,31,20,27,0,nan,nan,0.17
1/11/2022 0:29:59,1.11.0,FR1,3,4.20,1,1,Pellet,Left,31,20,28,0,0.54,33,nan
1/11/2022 0:42:10,1.11.0,FR1,3,4.20,1,1,Left,Left,32,20,28,0,nan,nan,0.01
1/11/2022 0:42:11,1.11.0,FR1,3,4.20,1,1,Pellet,Left,32,20,29,0,0.41,732,nan
1/11/2022 0:42:39,1.11.0,FR1,3,4.20,1,1,Left,Left,33,20,29,0,nan,nan,0.27
1/11/2022 0:42:40,1.11.0,FR1,3,4.20,1,1,Pellet,Left,33,20,30,0,0.47,29,nan
1/11/2022 0:43:09,1.11.0,FR1,3,4.20,1,1,Left,Left,34,20,30,0,nan,nan,0.02
1/11/2022 0:43:10,1.11.0,FR1,3,4.20,1,1,Pellet,Left,34,20,31,0,0.34,30,nan
1/11/2022 0:51:50,1.11.0,FR1,3,4.20,1,1,Left,Left,35,20,31,0,nan,nan,0.26
1/11/2022 0:51:52,1.11.0,FR1,3,4.20,1,1,Pellet,Left,35,20,32,0,0.75,522,nan
1/11/2022 0:52:17,1.11.0,FR1,3,4.20,1,1,Left,Left,36,20,32,0,nan,nan,0.07
1/11/2022 0:52:19,1.11.0,FR1,3,4.20,1,1,Pellet,Left,36,20,33,0,0.34,26,nan
1/11/2022 0:52:44,1.11.0,FR1,3,4.20,1,1,Left,Left,37,20,33,0,nan,nan,0.10
1/11/2022 0:52:45,1.11.0,FR1,3,4.20,1,1,Pellet,Left,37,20,34,0,0.20,27,nan
1/11/2022 0:53:14,1.11.0,FR1,3,4.20,1,1,Left,Left,38,20,34,0,nan,nan,0.21
1/11/2022 0:53:15,1.11.0,FR1,3,4.20,1,1,Pellet,Left,38,20,35,0,0.20,30,nan
1/11/2022 1:00:20,1.11.0,FR1,3,4.20,1,1,Left,Left,39,20,35,0,nan,nan,0.50
1/11/2022 1:00:21,1.11.0,FR1,3,4.20,1,1,Pellet,Left,39,20,36,0,0.20,426,nan
1/11/2022 1:00:42,1.11.0,FR1,3,4.20,1,1,Left,Left,40,20,36,0,nan,nan,0.27
1/11/2022 1:00:43,1.11.0,FR1,3,4.20,1,1,Pellet,Left,40,20,37,0,0.27,22,nan
1/11/2022 1:04:20,1.11.0,FR1,3,4.20,1,1,Right,Left,40,21,37,0,nan,nan,0.27
1/11/2022 1:04:28,1.11.0,FR1,3,4.20,1,1,Right,Left,40,22,37,0,nan,nan,0.50
1/11/2022 1:04:30,1.11.0,FR1,3,4.20,1,1,Right,Left,40,23,37,0,nan,nan,0.43
1/11/2022 1:04:32,1.11.0,FR1,3,4.20,1,1,Right,Left,40,24,37,0,nan,nan,0.91
1/11/2022 1:04:33,1.11.0,FR1,3,4.20,1,1,Right,Left,40,25,37,0,nan,nan,0.26
1/11/2022 1:18:16,1.11.0,FR1,3,4.20,1,1,Left,Left,41,25,37,0,nan,nan,0.00
1/11/2022 1:18:17,1.11.0,FR1,3,4.20,1,1,Pellet,Left,41,25,38,0,0.47,1054,nan
1/11/2022 1:18:59,1.11.0,FR1,3,4.20,1,1,Left,Left,42,25,38,0,nan,nan,0.56
1/11/2022 1:19:00,1.11.0,FR1,3,4.20,1,1,Pellet,Left,42,25,39,0,0.34,43,nan
1/11/2022 1:19:44,1.11.0,FR1,3,4.20,1,1,Left,Left,43,25,39,0,nan,nan,0.39
1/11/2022 1:19:46,1.11.0,FR1,3,4.20,1,1,Pellet,Left,43,25,40,0,0.27,46,nan
1/11/2022 1:20:22,1.11.0,FR1,3,4.20,1,1,Left,Left,44,25,40,0,nan,nan,0.53
1/11/2022 1:20:23,1.11.0,FR1,3,4.20,1,1,Pellet,Left,44,25,41,0,0.20,37,nan
1/11/2022 1:23:10,1.11.0,FR1,3,4.20,1,1,Left,Left,45,25,41,0,nan,nan,0.26
1/11/2022 1:23:11,1.11.0,FR1,3,4.20,1,1,Pellet,Left,45,25,42,0,0.40,168,nan
1/11/2022 1:23:45,1.11.0,FR1,3,4.20,1,1,Left,Left,46,25,42,0,nan,nan,0.39
1/11/2022 1:23:46,1.11.0,FR1,3,4.20,1,1,Pellet,Left,46,25,43,0,0.88,35,nan
1/11/2022 1:29:26,1.11.0,FR1,3,4.20,1,1,Left,Left,47,25,43,0,nan,nan,0.04
1/11/2022 1:29:28,1.11.0,FR1,3,4.20,1,1,Pellet,Left,47,25,44,0,0.68,342,nan
1/11/2022 1:29:56,1.11.0,FR1,3,4.20,1,1,Left,Left,48,25,44,0,nan,nan,0.36
1/11/2022 1:30:15,1.11.0,FR1,3,4.20,2,1,Pellet,Left,48,25,45,0,15.73,47,nan
1/11/2022 1:30:44,1.11.0,FR1,3,4.20,1,1,Left,Left,49,25,45,0,nan,nan,0.12
1/11/2022 1:30:45,1.11.0,FR1,3,4.20,1,1,Pellet,Left,49,25,46,0,0.20,30,nan
1/11/2022 1:31:19,1.11.0,FR1,3,4.20,1,1,Left,Left,50,25,46,0,nan,nan,0.18
1/11/2022 1:31:20,1.11.0,FR1,3,4.20,1,1,Pellet,Left,50,25,47,0,0.27,35,nan
1/11/2022 1:31:51,1.11.0,FR1,3,4.20,1,1,Left,Left,51,25,47,0,nan,nan,0.18
1/11/2022 1:33:33,1.11.0,FR1,3,4.20,2,1,Pellet,Left,51,25,48,0,Timed_out,133,nan
1/11/2022 1:40:41,1.11.0,FR1,3,4.19,1,1,Left,Left,52,25,48,0,nan,nan,0.15
1/11/2022 1:40:43,1.11.0,FR1,3,4.20,1,1,Pellet,Left,52,25,49,0,1.15,430,nan
1/11/2022 1:41:13,1.11.0,FR1,3,4.20,1,1,Left,Left,53,25,49,0,nan,nan,0.09
1/11/2022 1:41:35,1.11.0,FR1,3,4.20,3,1,Pellet,Left,53,25,50,0,17.09,52,nan
1/11/2022 1:54:09,1.11.0,FR1,3,4.19,1,1,Left,Left,54,25,50,0,nan,nan,0.07
1/11/2022 1:54:10,1.11.0,FR1,3,4.19,1,1,Pellet,Left,54,25,51,0,0.47,755,nan
1/11/2022 2:06:44,1.11.0,FR1,3,4.20,1,1,Left,Left,55,25,51,0,nan,nan,0.39
1/11/2022 2:06:46,1.11.0,FR1,3,4.19,1,1,Pellet,Left,55,25,52,0,0.54,756,nan
1/11/2022 2:07:08,1.11.0,FR1,3,4.20,1,1,Left,Left,56,25,52,0,nan,nan,0.24
1/11/2022 2:07:29,1.11.0,FR1,3,4.20,2,1,Pellet,Left,56,25,53,0,18.48,43,nan
1/11/2022 2:07:55,1.11.0,FR1,3,4.19,1,1,Left,Left,57,25,53,0,nan,nan,0.22
1/11/2022 2:07:57,1.11.0,FR1,3,4.19,1,1,Pellet,Left,57,25,54,0,0.47,28,nan
1/11/2022 2:08:19,1.11.0,FR1,3,4.20,1,1,Left,Left,58,25,54,0,nan,nan,0.15
1/11/2022 2:08:20,1.11.0,FR1,3,4.20,1,1,Pellet,Left,58,25,55,0,0.20,23,nan
1/11/2022 2:08:48,1.11.0,FR1,3,4.20,1,1,Left,Left,59,25,55,0,nan,nan,0.16
1/11/2022 2:08:50,1.11.0,FR1,3,4.20,1,1,Pellet,Left,59,25,56,0,0.54,30,nan
1/11/2022 2:20:50,1.11.0,FR1,3,4.20,1,1,Left,Left,60,25,56,0,nan,nan,0.00
1/11/2022 2:20:51,1.11.0,FR1,3,4.20,1,1,Pellet,Left,60,25,57,0,0.34,721,nan
1/11/2022 2:21:20,1.11.0,FR1,3,4.20,1,1,Left,Left,61,25,57,0,nan,nan,0.31
1/11/2022 2:21:21,1.11.0,FR1,3,4.20,2,1,Pellet,Left,61,25,58,0,0.06,30,nan
1/11/2022 2:21:49,1.11.0,FR1,3,4.20,1,1,Left,Left,62,25,58,0,nan,nan,0.40
1/11/2022 2:21:50,1.11.0,FR1,3,4.20,1,1,Pellet,Left,62,25,59,0,0.20,29,nan
1/11/2022 2:32:08,1.11.0,FR1,3,4.20,1,1,Left,Left,63,25,59,0,nan,nan,0.22
1/11/2022 2:32:10,1.11.0,FR1,3,4.19,2,1,Pellet,Left,63,25,60,0,0.06,620,nan
1/11/2022 2:32:49,1.11.0,FR1,3,4.19,1,1,Left,Left,64,25,60,0,nan,nan,0.04
1/11/2022 2:32:50,1.11.0,FR1,3,4.20,1,1,Pellet,Left,64,25,61,0,0.68,40,nan
1/11/2022 2:45:04,1.11.0,FR1,3,4.20,1,1,Left,Left,65,25,61,0,nan,nan,0.21
1/11/2022 2:45:05,1.11.0,FR1,3,4.20,1,1,Pellet,Left,65,25,62,0,0.20,735,nan
1/11/2022 2:45:24,1.11.0,FR1,3,4.20,1,1,Left,Left,66,25,62,0,nan,nan,0.22
1/11/2022 2:45:25,1.11.0,FR1,3,4.20,1,1,Pellet,Left,66,25,63,0,0.20,20,nan
1/11/2022 2:45:45,1.11.0,FR1,3,4.20,1,1,Left,Left,67,25,63,0,nan,nan,0.20
1/11/2022 2:45:47,1.11.0,FR1,3,4.19,1,1,Pellet,Left,67,25,64,0,0.20,21,nan
1/11/2022 2:46:06,1.11.0,FR1,3,4.20,1,1,Left,Left,68,25,64,0,nan,nan,0.34
1/11/2022 2:46:07,1.11.0,FR1,3,4.20,1,1,Pellet,Left,68,25,65,0,0.27,21,nan
1/11/2022 2:46:34,1.11.0,FR1,3,4.20,1,1,Left,Left,69,25,65,0,nan,nan,0.31
1/11/2022 2:46:37,1.11.0,FR1,3,4.20,1,1,Pellet,Left,69,25,66,0,1.84,30,nan
1/11/2022 2:47:05,1.11.0,FR1,3,4.19,1,1,Left,Left,70,25,66,0,nan,nan,0.20
1/11/2022 2:47:06,1.11.0,FR1,3,4.20,2,1,Pellet,Left,70,25,67,0,0.06,29,nan
1/11/2022 2:47:31,1.11.0,FR1,3,4.19,1,1,Left,Left,71,25,67,0,nan,nan,0.00
1/11/2022 2:47:32,1.11.0,FR1,3,4.20,1,1,Pellet,Left,71,25,68,0,0.41,26,nan
1/11/2022 2:47:58,1.11.0,FR1,3,4.19,1,1,Left,Left,72,25,68,0,nan,nan,0.29
1/11/2022 2:47:59,1.11.0,FR1,3,4.19,2,1,Pellet,Left,72,25,69,0,0.20,27,nan
1/11/2022 2:48:27,1.11.0,FR1,3,4.19,1,1,Left,Left,73,25,69,0,nan,nan,0.21
1/11/2022 2:48:28,1.11.0,FR1,3,4.20,1,1,Pellet,Left,73,25,70,0,0.20,29,nan
1/11/2022 2:57:01,1.11.0,FR1,3,4.20,1,1,Left,Left,74,25,70,0,nan,nan,0.05
1/11/2022 2:57:02,1.11.0,FR1,3,4.19,1,1,Pellet,Left,74,25,71,0,0.34,514,nan
1/11/2022 2:57:59,1.11.0,FR1,3,4.19,1,1,Right,Left,74,26,71,0,nan,nan,0.41
1/11/2022 2:57:59,1.11.0,FR1,3,4.20,1,1,Right,Left,74,27,71,0,nan,nan,0.00
1/11/2022 2:58:00,1.11.0,FR1,3,4.20,1,1,Right,Left,74,28,71,0,nan,nan,0.20
1/11/2022 2:58:05,1.11.0,FR1,3,4.20,1,1,Right,Left,74,29,71,0,nan,nan,0.45
1/11/2022 2:58:06,1.11.0,FR1,3,4.20,1,1,Right,Left,74,30,71,0,nan,nan,0.00
1/11/2022 2:58:07,1.11.0,FR1,3,4.20,1,1,Right,Left,74,31,71,0,nan,nan,0.28
1/11/2022 3:00:10,1.11.0,FR1,3,4.20,1,1,Left,Left,75,31,71,0,nan,nan,0.21
1/11/2022 3:00:11,1.11.0,FR1,3,4.20,2,1,Pellet,Left,75,31,72,0,0.13,189,nan
1/11/2022 3:00:37,1.11.0,FR1,3,4.20,1,1,Left,Left,76,31,72,0,nan,nan,0.23
1/11/2022 3:00:38,1.11.0,FR1,3,4.20,1,1,Pellet,Left,76,31,73,0,0.27,27,nan
1/11/2022 3:01:50,1.11.0,FR1,3,4.20,1,1,Right,Left,76,32,73,0,nan,nan,0.01
1/11/2022 3:01:58,1.11.0,FR1,3,4.20,1,1,Right,Left,76,33,73,0,nan,nan,0.02
1/11/2022 3:09:04,1.11.0,FR1,3,4.19,1,1,Left,Left,77,33,73,0,nan,nan,0.17
1/11/2022 3:09:07,1.11.0,FR1,3,4.19,1,1,Pellet,Left,77,33,74,0,1.84,509,nan
1/11/2022 3:10:45,1.11.0,FR1,3,4.20,1,1,Left,Left,78,33,74,0,nan,nan,0.16
1/11/2022 3:10:46,1.11.0,FR1,3,4.20,1,1,Pellet,Left,78,33,75,0,0.61,99,nan
1/11/2022 3:11:14,1.11.0,FR1,3,4.19,1,1,Left,Left,79,33,75,0,nan,nan,0.22
1/11/2022 3:11:15,1.11.0,FR1,3,4.19,1,1,Pellet,Left,79,33,76,0,0.61,29,nan
1/11/2022 3:11:37,1.11.0,FR1,3,4.20,1,1,Left,Left,80,33,76,0,nan,nan,0.11
1/11/2022 3:11:38,1.11.0,FR1,3,4.19,2,1,Pellet,Left,80,33,77,0,0.34,23,nan
1/11/2022 3:13:57,1.11.0,FR1,3,4.19,1,1,Right,Left,80,34,77,0,nan,nan,0.04
1/11/2022 3:22:40,1.11.0,FR1,3,4.19,1,1,Left,Left,81,34,77,0,nan,nan,0.07
1/11/2022 3:22:41,1.11.0,FR1,3,4.20,2,1,Pellet,Left,81,34,78,0,0.06,663,nan
1/11/2022 3:23:02,1.11.0,FR1,3,4.20,1,1,Left,Left,82,34,78,0,nan,nan,0.21
1/11/2022 3:23:06,1.11.0,FR1,3,4.19,1,1,Pellet,Left,82,34,79,0,2.79,25,nan
1/11/2022 3:23:35,1.11.0,FR1,3,4.20,1,1,Left,Left,83,34,79,0,nan,nan,0.08
1/11/2022 3:23:39,1.11.0,FR1,3,4.19,2,1,Pellet,Left,83,34,80,0,0.54,33,nan
1/11/2022 5:16:04,1.11.0,FR1,3,4.19,1,1,Left,Left,84,34,80,0,nan,nan,0.00
1/11/2022 5:16:05,1.11.0,FR1,3,4.20,1,1,Pellet,Left,84,34,81,0,0.27,6746,nan
1/11/2022 5:16:39,1.11.0,FR1,3,4.19,1,1,Left,Left,85,34,81,0,nan,nan,0.34
1/11/2022 5:16:40,1.11.0,FR1,3,4.19,2,1,Pellet,Left,85,34,82,0,0.88,35,nan
1/11/2022 5:17:01,1.11.0,FR1,3,4.19,1,1,Left,Left,86,34,82,0,nan,nan,0.32
1/11/2022 5:17:03,1.11.0,FR1,3,4.20,1,1,Pellet,Left,86,34,83,0,1.22,23,nan
1/11/2022 5:17:23,1.11.0,FR1,3,4.19,1,1,Left,Left,87,34,83,0,nan,nan,0.20
1/11/2022 5:17:24,1.11.0,FR1,3,4.20,1,1,Pellet,Left,87,34,84,0,0.20,21,nan
1/11/2022 5:17:45,1.11.0,FR1,3,4.19,1,1,Left,Left,88,34,84,0,nan,nan,0.06
1/11/2022 5:17:47,1.11.0,FR1,3,4.19,1,1,Pellet,Left,88,34,85,0,1.29,23,nan
1/11/2022 5:18:12,1.11.0,FR1,3,4.20,1,1,Left,Left,89,34,85,0,nan,nan,0.21
1/11/2022 5:18:13,1.11.0,FR1,3,4.19,1,1,Pellet,Left,89,34,86,0,0.27,26,nan
1/11/2022 5:18:35,1.11.0,FR1,3,4.19,1,1,Left,Left,90,34,86,0,nan,nan,0.14
1/11/2022 5:18:36,1.11.0,FR1,3,4.20,1,1,Pellet,Left,90,34,87,0,0.88,23,nan
1/11/2022 5:18:53,1.11.0,FR1,3,4.19,1,1,Left,Left,91,34,87,0,nan,nan,0.17
1/11/2022 5:18:54,1.11.0,FR1,3,4.19,1,1,Pellet,Left,91,34,88,0,0.34,18,nan
1/11/2022 5:19:16,1.11.0,FR1,3,4.19,1,1,Left,Left,92,34,88,0,nan,nan,0.22
1/11/2022 5:19:18,1.11.0,FR1,3,4.19,2,1,Pellet,Left,92,34,89,0,0.40,24,nan
1/11/2022 7:04:21,1.11.0,FR1,3,4.19,1,1,Left,Left,93,34,89,0,nan,nan,0.79
1/11/2022 7:05:03,1.11.0,FR1,3,4.19,1,1,Pellet,Left,93,34,90,0,41.18,6345,nan
1/11/2022 7:18:22,1.11.0,FR1,3,4.19,1,1,Right,Left,93,35,90,0,nan,nan,0.28
1/11/2022 7:18:22,1.11.0,FR1,3,4.20,1,1,Right,Left,93,36,90,0,nan,nan,0.00
1/11/2022 7:18:26,1.11.0,FR1,3,4.20,1,1,Right,Left,93,37,90,0,nan,nan,0.35
1/11/2022 7:18:27,1.11.0,FR1,3,4.19,1,1,Right,Left,93,38,90,0,nan,nan,0.00
1/11/2022 7:18:28,1.11.0,FR1,3,4.19,1,1,Right,Left,93,39,90,0,nan,nan,0.00
1/11/2022 7:18:29,1.11.0,FR1,3,4.19,1,1,Right,Left,93,40,90,0,nan,nan,0.00
1/11/2022 7:18:31,1.11.0,FR1,3,4.20,1,1,Right,Left,93,41,90,0,nan,nan,1.07
1/11/2022 7:18:33,1.11.0,FR1,3,4.19,1,1,Right,Left,93,42,90,0,nan,nan,0.48
1/11/2022 7:18:35,1.11.0,FR1,3,4.19,1,1,Right,Left,93,43,90,0,nan,nan,0.84
1/11/2022 7:18:37,1.11.0,FR1,3,4.20,1,1,Right,Left,93,44,90,0,nan,nan,0.45
1/11/2022 7:18:39,1.11.0,FR1,3,4.19,1,1,Right,Left,93,45,90,0,nan,nan,0.48
1/11/2022 7:18:45,1.11.0,FR1,3,4.19,1,1,Left,Left,94,45,90,0,nan,nan,0.33
1/11/2022 7:18:46,1.11.0,FR1,3,4.19,1,1,Pellet,Left,94,45,91,0,0.61,823,nan
1/11/2022 7:19:09,1.11.0,FR1,3,4.19,1,1,Left,Left,95,45,91,0,nan,nan,0.15
1/11/2022 7:19:10,1.11.0,FR1,3,4.19,1,1,Pellet,Left,95,45,92,0,0.20,24,nan
1/11/2022 7:19:30,1.11.0,FR1,3,4.19,1,1,Left,Left,96,45,92,0,nan,nan,0.28
1/11/2022 7:19:51,1.11.0,FR1,3,4.19,2,1,Pellet,Left,96,45,93,0,17.71,41,nan
1/11/2022 7:20:16,1.11.0,FR1,3,4.19,1,1,Left,Left,97,45,93,0,nan,nan,0.17
1/11/2022 7:20:17,1.11.0,FR1,3,4.19,2,1,Pellet,Left,97,45,94,0,0.27,26,nan
1/11/2022 7:20:45,1.11.0,FR1,3,4.18,1,1,Left,Left,98,45,94,0,nan,nan,0.17
1/11/2022 7:20:46,1.11.0,FR1,3,4.19,1,1,Pellet,Left,98,45,95,0,0.88,29,nan
1/11/2022 7:24:40,1.11.0,FR1,3,4.20,1,1,Right,Left,98,46,95,0,nan,nan,0.10
1/11/2022 7:24:43,1.11.0,FR1,3,4.19,1,1,Left,Left,99,46,95,0,nan,nan,0.17
1/11/2022 7:24:45,1.11.0,FR1,3,4.19,1,1,Pellet,Left,99,46,96,0,0.88,239,nan
1/11/2022 7:25:12,1.11.0,FR1,3,4.19,1,1,Left,Left,100,46,96,0,nan,nan,0.14
1/11/2022 7:25:13,1.11.0,FR1,3,4.20,1,1,Pellet,Left,100,46,97,0,0.40,28,nan
1/11/2022 7:27:08,1.11.0,FR1,3,4.19,1,1,Right,Left,100,47,97,0,nan,nan,0.07
1/11/2022 7:27:14,1.11.0,FR1,3,4.19,1,1,Left,Left,101,47,97,0,nan,nan,0.36
1/11/2022 7:27:15,1.11.0,FR1,3,4.19,1,1,Pellet,Left,101,47,98,0,0.27,122,nan
1/11/2022 7:33:57,1.11.0,FR1,3,4.19,1,1,Left,Left,102,47,98,0,nan,nan,0.25
1/11/2022 7:33:59,1.11.0,FR1,3,4.19,1,1,Pellet,Left,102,47,99,0,0.34,403,nan
1/11/2022 7:34:24,1.11.0,FR1,3,4.19,1,1,Left,Left,103,47,99,0,nan,nan,0.38
1/11/2022 7:34:27,1.11.0,FR1,3,4.19,2,1,Pellet,Left,103,47,100,0,0.54,29,nan
1/11/2022 8:29:27,1.11.0,FR1,3,4.19,1,1,Left,Left,104,47,100,0,nan,nan,0.00
1/11/2022 8:29:28,1.11.0,FR1,3,4.18,1,1,Pellet,Left,104,47,101,0,0.40,3301,nan
1/11/2022 8:40:18,1.11.0,FR1,3,4.18,1,1,Left,Left,105,47,101,0,nan,nan,0.42
1/11/2022 8:40:19,1.11.0,FR1,3,4.18,1,1,Pellet,Left,105,47,102,0,0.61,651,nan
1/11/2022 8:40:42,1.11.0,FR1,3,4.18,1,1,Left,Left,106,47,102,0,nan,nan,0.11
1/11/2022 8:40:43,1.11.0,FR1,3,4.18,1,1,Pellet,Left,106,47,103,0,0.13,24,nan
1/11/2022 8:40:58,1.11.0,FR1,3,4.18,1,1,Left,Left,107,47,103,0,nan,nan,0.21
1/11/2022 8:40:59,1.11.0,FR1,3,4.18,2,1,Pellet,Left,107,47,104,0,0.06,16,nan
1/11/2022 8:41:20,1.11.0,FR1,3,4.19,1,1,Left,Left,108,47,104,0,nan,nan,0.17
1/11/2022 8:41:36,1.11.0,FR1,3,4.18,2,1,Pellet,Left,108,47,105,0,12.50,36,nan
1/11/2022 8:41:57,1.11.0,FR1,3,4.18,1,1,Left,Left,109,47,105,0,nan,nan,0.17
1/11/2022 8:41:58,1.11.0,FR1,3,4.18,1,1,Pellet,Left,109,47,106,0,0.20,23,nan
1/11/2022 8:42:18,1.11.0,FR1,3,4.18,1,1,Left,Left,110,47,106,0,nan,nan,0.04
1/11/2022 8:42:19,1.11.0,FR1,3,4.18,1,1,Pellet,Left,110,47,107,0,0.27,21,nan
1/11/2022 8:52:09,1.11.0,FR1,3,4.18,1,1,Left,Left,111,47,107,0,nan,nan,0.33
1/11/2022 8:52:10,1.11.0,FR1,3,4.18,2,1,Pellet,Left,111,47,108,0,0.06,591,nan
1/11/2022 8:52:45,1.11.0,FR1,3,4.18,1,1,Left,Left,112,47,108,0,nan,nan,0.13
1/11/2022 8:52:46,1.11.0,FR1,3,4.18,1,1,Pellet,Left,112,47,109,0,0.27,36,nan
1/11/2022 9:00:24,1.11.0,FR1,3,4.18,1,1,Left,Left,113,47,109,0,nan,nan,0.25
1/11/2022 9:00:25,1.11.0,FR1,3,4.18,1,1,Pellet,Left,113,47,110,0,0.27,459,nan
1/11/2022 9:00:44,1.11.0,FR1,3,4.18,1,1,Left,Left,114,47,110,0,nan,nan,0.15
1/11/2022 9:00:47,1.11.0,FR1,3,4.18,2,1,Pellet,Left,114,47,111,0,0.20,22,nan
1/11/2022 9:01:07,1.11.0,FR1,3,4.18,1,1,Left,Left,115,47,111,0,nan,nan,0.10
1/11/2022 9:01:10,1.11.0,FR1,3,4.18,2,1,Pellet,Left,115,47,112,0,0.81,23,nan
1/11/2022 9:01:32,1.11.0,FR1,3,4.17,1,1,Left,Left,116,47,112,0,nan,nan,0.13
1/11/2022 9:01:33,1.11.0,FR1,3,4.18,2,1,Pellet,Left,116,47,113,0,0.13,23,nan
1/11/2022 9:01:54,1.11.0,FR1,3,4.18,1,1,Left,Left,117,47,113,0,nan,nan,0.29
1/11/2022 9:01:55,1.11.0,FR1,3,4.18,1,1,Pellet,Left,117,47,114,0,0.20,22,nan
1/11/2022 10:27:24,1.11.0,FR1,3,4.17,1,1,Left,Left,118,47,114,0,nan,nan,0.12
1/11/2022 10:27:25,1.11.0,FR1,3,4.17,1,1,Pellet,Left,118,47,115,0,0.95,5130,nan
1/11/2022 10:27:41,1.11.0,FR1,3,4.18,1,1,Left,Left,119,47,115,0,nan,nan,0.27
1/11/2022 10:27:42,1.11.0,FR1,3,4.18,1,1,Pellet,Left,119,47,116,0,0.40,17,nan
1/11/2022 10:27:58,1.11.0,FR1,3,4.17,1,1,Left,Left,120,47,116,0,nan,nan,0.17
1/11/2022 10:27:59,1.11.0,FR1,3,4.18,1,1,Pellet,Left,120,47,117,0,0.40,17,nan
1/11/2022 10:28:15,1.11.0,FR1,3,4.17,1,1,Left,Left,121,47,117,0,nan,nan,0.30
1/11/2022 10:28:16,1.11.0,FR1,3,4.18,1,1,Pellet,Left,121,47,118,0,0.47,17,nan
1/11/2022 10:28:30,1.11.0,FR1,3,4.18,1,1,Left,Left,122,47,118,0,nan,nan,0.11
1/11/2022 10:28:31,1.11.0,FR1,3,4.18,2,1,Pellet,Left,122,47,119,0,0.20,15,nan
1/11/2022 10:28:48,1.11.0,FR1,3,4.18,1,1,Left,Left,123,47,119,0,nan,nan,0.15
1/11/2022 10:28:49,1.11.0,FR1,3,4.17,1,1,Pellet,Left,123,47,120,0,0.54,18,nan
1/11/2022 10:29:05,1.11.0,FR1,3,4.18,1,1,Left,Left,124,47,120,0,nan,nan,0.30
1/11/2022 10:29:06,1.11.0,FR1,3,4.17,1,1,Pellet,Left,124,47,121,0,0.40,17,nan
1/11/2022 10:29:25,1.11.0,FR1,3,4.18,1,1,Left,Left,125,47,121,0,nan,nan,0.26
1/11/2022 10:29:26,1.11.0,FR1,3,4.17,1,1,Pellet,Left,125,47,122,0,0.20,20,nan
1/11/2022 10:29:48,1.11.0,FR1,3,4.18,1,1,Left,Left,126,47,122,0,nan,nan,0.02
1/11/2022 10:29:50,1.11.0,FR1,3,4.17,1,1,Pellet,Left,126,47,123,0,0.47,24,nan
1/11/2022 10:30:16,1.11.0,FR1,3,4.18,1,1,Left,Left,127,47,123,0,nan,nan,0.28
1/11/2022 10:30:17,1.11.0,FR1,3,4.17,1,1,Pellet,Left,127,47,124,0,0.47,27,nan
1/11/2022 11:05:27,1.11.0,FR1,3,4.18,1,1,Right,Left,127,48,124,0,nan,nan,0.50
1/11/2022 11:05:41,1.11.0,FR1,3,4.17,1,1,Left,Left,128,48,124,0,nan,nan,0.46
1/11/2022 11:05:42,1.11.0,FR1,3,4.17,1,1,Pellet,Left,128,48,125,0,0.27,2125,nan
1/11/2022 11:06:07,1.11.0,FR1,3,4.17,1,1,Left,Left,129,48,125,0,nan,nan,0.14
1/11/2022 11:06:08,1.11.0,FR1,3,4.17,2,1,Pellet,Left,129,48,126,0,0.20,26,nan
1/11/2022 11:06:23,1.11.0,FR1,3,4.17,1,1,Left,Left,130,48,126,0,nan,nan,0.18
1/11/2022 11:06:24,1.11.0,FR1,3,4.18,1,1,Pellet,Left,130,48,127,0,0.34,16,nan
1/11/2022 11:06:37,1.11.0,FR1,3,4.18,1,1,Left,Left,131,48,127,0,nan,nan,0.13
1/11/2022 11:06:38,1.11.0,FR1,3,4.18,1,1,Pellet,Left,131,48,128,0,0.34,14,nan
1/11/2022 11:06:56,1.11.0,FR1,3,4.17,1,1,Left,Left,132,48,128,0,nan,nan,0.17
1/11/2022 11:06:59,1.11.0,FR1,3,4.18,2,1,Pellet,Left,132,48,129,0,0.41,21,nan
1/11/2022 11:07:16,1.11.0,FR1,3,4.17,1,1,Left,Left,133,48,129,0,nan,nan,0.07
1/11/2022 11:07:17,1.11.0,FR1,3,4.18,1,1,Pellet,Left,133,48,130,0,0.74,18,nan
1/11/2022 13:07:09,1.11.0,FR1,3,4.16,1,1,Left,Left,134,48,130,0,nan,nan,0.10
1/11/2022 13:07:13,1.11.0,FR1,3,4.16,2,1,Pellet,Left,134,48,131,0,0.61,7196,nan
1/11/2022 13:07:38,1.11.0,FR1,3,4.16,1,1,Left,Left,135,48,131,0,nan,nan,0.32
1/11/2022 13:07:40,1.11.0,FR1,3,4.16,2,1,Pellet,Left,135,48,132,0,0.06,27,nan
1/11/2022 13:07:53,1.11.0,FR1,3,4.16,1,1,Left,Left,136,48,132,0,nan,nan,0.08
1/11/2022 13:07:54,1.11.0,FR1,3,4.16,1,1,Pellet,Left,136,48,133,0,0.34,14,nan
1/11/2022 13:08:06,1.11.0,FR1,3,4.16,1,1,Left,Left,137,48,133,0,nan,nan,0.10
1/11/2022 13:08:07,1.11.0,FR1,3,4.16,1,1,Pellet,Left,137,48,134,0,0.34,13,nan
1/11/2022 13:08:24,1.11.0,FR1,3,4.16,1,1,Left,Left,138,48,134,0,nan,nan,0.15
1/11/2022 13:08:25,1.11.0,FR1,3,4.16,2,1,Pellet,Left,138,48,135,0,0.06,18,nan
1/11/2022 13:08:37,1.11.0,FR1,3,4.16,1,1,Left,Left,139,48,135,0,nan,nan,0.29
1/11/2022 13:08:38,1.11.0,FR1,3,4.16,1,1,Pellet,Left,139,48,136,0,0.34,13,nan
1/11/2022 13:08:56,1.11.0,FR1,3,4.17,1,1,Left,Left,140,48,136,0,nan,nan,0.39
1/11/2022 13:08:57,1.11.0,FR1,3,4.16,1,1,Pellet,Left,140,48,137,0,0.40,19,nan
1/11/2022 15:29:17,1.11.0,FR1,3,4.15,1,1,Left,Left,141,48,137,0,nan,nan,0.10
1/11/2022 15:29:18,1.11.0,FR1,3,4.16,2,1,Pellet,Left,141,48,138,0,0.20,8421,nan
1/11/2022 15:29:42,1.11.0,FR1,3,4.16,1,1,Left,Left,142,48,138,0,nan,nan,0.09
1/11/2022 15:29:43,1.11.0,FR1,3,4.16,1,1,Pellet,Left,142,48,139,0,0.27,25,nan
1/11/2022 17:11:00,1.11.0,FR1,3,4.15,1,1,Left,Left,143,48,139,0,nan,nan,0.08
1/11/2022 17:11:00,1.11.0,FR1,3,4.15,1,1,Pellet,Left,143,48,140,0,0.13,6077,nan
1/11/2022 17:11:22,1.11.0,FR1,3,4.14,1,1,Left,Left,144,48,140,0,nan,nan,0.25
1/11/2022 17:11:23,1.11.0,FR1,3,4.14,2,1,Pellet,Left,144,48,141,0,0.06,23,nan
1/11/2022 17:11:36,1.11.0,FR1,3,4.14,1,1,Left,Left,145,48,141,0,nan,nan,0.30
1/11/2022 17:11:37,1.11.0,FR1,3,4.15,1,1,Pellet,Left,145,48,142,0,0.27,14,nan
1/11/2022 17:11:54,1.11.0,FR1,3,4.14,1,1,Left,Left,146,48,142,0,nan,nan,0.35
1/11/2022 17:11:55,1.11.0,FR1,3,4.15,1,1,Pellet,Left,146,48,143,0,0.20,18,nan
1/11/2022 17:12:08,1.11.0,FR1,3,4.15,1,1,Left,Left,147,48,143,0,nan,nan,0.06
1/11/2022 17:12:10,1.11.0,FR1,3,4.14,1,1,Pellet,Left,147,48,144,0,0.47,14,nan
1/11/2022 17:12:25,1.11.0,FR1,3,4.15,1,1,Left,Left,148,48,144,0,nan,nan,0.04
1/11/2022 17:12:26,1.11.0,FR1,3,4.14,1,1,Pellet,Left,148,48,145,0,0.20,17,nan
1/11/2022 18:18:56,1.11.0,FR1,3,4.14,1,1,Right,Left,148,49,145,0,nan,nan,0.00
1/11/2022 18:19:07,1.11.0,FR1,3,4.14,1,1,Left,Left,149,49,145,0,nan,nan,0.19
1/11/2022 18:19:08,1.11.0,FR1,3,4.14,1,1,Pellet,Left,149,49,146,0,0.81,4002,nan
1/11/2022 18:19:35,1.11.0,FR1,3,4.14,1,1,Left,Left,150,49,146,0,nan,nan,0.56
1/11/2022 18:19:37,1.11.0,FR1,3,4.14,1,1,Pellet,Left,150,49,147,0,0.81,29,nan
1/11/2022 18:19:51,1.11.0,FR1,3,4.14,1,1,Left,Left,151,49,147,0,nan,nan,0.40
1/11/2022 18:19:53,1.11.0,FR1,3,4.14,1,1,Pellet,Left,151,49,148,0,0.74,16,nan
1/11/2022 18:58:27,1.11.0,FR1,3,4.14,1,1,Left,Left,152,49,148,0,nan,nan,0.41
1/11/2022 18:58:29,1.11.0,FR1,3,4.14,1,1,Pellet,Left,152,49,149,0,0.40,2316,nan
1/11/2022 18:58:41,1.11.0,FR1,3,4.14,1,1,Left,Left,153,49,149,0,nan,nan,0.20
1/11/2022 18:58:42,1.11.0,FR1,3,4.14,1,1,Pellet,Left,153,49,150,0,0.27,13,nan
1/11/2022 18:59:03,1.11.0,FR1,3,4.14,1,1,Left,Left,154,49,150,0,nan,nan,0.21
1/11/2022 18:59:04,1.11.0,FR1,3,4.14,2,1,Pellet,Left,154,49,151,0,0.13,22,nan
1/11/2022 18:59:19,1.11.0,FR1,3,4.14,1,1,Left,Left,155,49,151,0,nan,nan,0.10
1/11/2022 18:59:20,1.11.0,FR1,3,4.14,1,1,Pellet,Left,155,49,152,0,0.47,16,nan
1/11/2022 18:59:37,1.11.0,FR1,3,4.14,1,1,Left,Left,156,49,152,0,nan,nan,0.15
1/11/2022 18:59:38,1.11.0,FR1,3,4.14,1,1,Pellet,Left,156,49,153,0,0.06,18,nan
1/11/2022 18:59:55,1.11.0,FR1,3,4.14,1,1,Left,Left,157,49,153,0,nan,nan,0.25
1/11/2022 18:59:56,1.11.0,FR1,3,4.14,1,1,Pellet,Left,157,49,154,0,0.47,18,nan
1/11/2022 19:00:09,1.11.0,FR1,3,4.14,1,1,Left,Left,158,49,154,0,nan,nan,0.14
1/11/2022 19:00:10,1.11.0,FR1,3,4.14,1,1,Pellet,Left,158,49,155,0,0.20,14,nan
1/11/2022 19:00:32,1.11.0,FR1,3,4.14,1,1,Left,Left,159,49,155,0,nan,nan,0.21
1/11/2022 19:00:33,1.11.0,FR1,3,4.14,1,1,Pellet,Left,159,49,156,0,0.13,23,nan
1/11/2022 19:00:49,1.11.0,FR1,3,4.14,1,1,Left,Left,160,49,156,0,nan,nan,0.01
1/11/2022 19:00:50,1.11.0,FR1,3,4.14,1,1,Pellet,Left,160,49,157,0,0.13,17,nan
1/11/2022 19:01:06,1.11.0,FR1,3,4.14,1,1,Left,Left,161,49,157,0,nan,nan,0.12
1/11/2022 19:01:07,1.11.0,FR1,3,4.14,1,1,Pellet,Left,161,49,158,0,0.54,17,nan
1/11/2022 19:01:24,1.11.0,FR1,3,4.14,1,1,Left,Left,162,49,158,0,nan,nan,0.13
1/11/2022 19:01:25,1.11.0,FR1,3,4.14,1,1,Pellet,Left,162,49,159,0,0.40,18,nan
1/11/2022 19:31:05,1.11.0,FR1,3,4.14,1,1,Left,Left,163,49,159,0,nan,nan,0.11
1/11/2022 19:31:06,1.11.0,FR1,3,4.13,1,1,Pellet,Left,163,49,160,0,0.54,1781,nan
1/11/2022 19:31:21,1.11.0,FR1,3,4.14,1,1,Left,Left,164,49,160,0,nan,nan,0.12
1/11/2022 19:31:22,1.11.0,FR1,3,4.14,2,1,Pellet,Left,164,49,161,0,0.13,16,nan
1/11/2022 19:31:44,1.11.0,FR1,3,4.14,1,1,Left,Left,165,49,161,0,nan,nan,0.21
1/11/2022 19:31:45,1.11.0,FR1,3,4.14,1,1,Pellet,Left,165,49,162,0,0.74,23,nan
1/11/2022 20:07:16,1.11.0,FR1,3,4.14,1,1,Left,Left,166,49,162,0,nan,nan,0.05
1/11/2022 20:07:17,1.11.0,FR1,3,4.14,1,1,Pellet,Left,166,49,163,0,0.27,2132,nan
1/11/2022 20:07:32,1.11.0,FR1,3,4.14,1,1,Left,Left,167,49,163,0,nan,nan,0.13
1/11/2022 20:07:33,1.11.0,FR1,3,4.14,1,1,Pellet,Left,167,49,164,0,0.27,16,nan
1/11/2022 20:07:48,1.11.0,FR1,3,4.14,1,1,Left,Left,168,49,164,0,nan,nan,0.44
1/11/2022 20:07:49,1.11.0,FR1,3,4.13,2,1,Pellet,Left,168,49,165,0,0.20,16,nan
1/11/2022 20:08:04,1.11.0,FR1,3,4.13,1,1,Left,Left,169,49,165,0,nan,nan,0.17
1/11/2022 20:08:05,1.11.0,FR1,3,4.13,1,1,Pellet,Left,169,49,166,0,0.40,16,nan
1/11/2022 20:51:23,1.11.0,FR1,3,4.14,1,1,Left,Left,170,49,166,0,nan,nan,0.23
1/11/2022 20:51:25,1.11.0,FR1,3,4.13,1,1,Pellet,Left,170,49,167,0,1.63,2600,nan
1/11/2022 20:51:42,1.11.0,FR1,3,4.14,1,1,Left,Left,171,49,167,0,nan,nan,0.05
1/11/2022 20:51:43,1.11.0,FR1,3,4.14,1,1,Pellet,Left,171,49,168,0,0.20,18,nan
1/11/2022 20:52:34,1.11.0,FR1,3,4.13,1,1,Left,Left,172,49,168,0,nan,nan,0.24
1/11/2022 20:52:35,1.11.0,FR1,3,4.13,1,1,Pellet,Left,172,49,169,0,0.20,52,nan
1/11/2022 20:52:54,1.11.0,FR1,3,4.14,1,1,Left,Left,173,49,169,0,nan,nan,0.04
1/11/2022 20:52:56,1.11.0,FR1,3,4.13,1,1,Pellet,Left,173,49,170,0,0.27,20,nan
1/11/2022 20:53:21,1.11.0,FR1,3,4.13,1,1,Left,Left,174,49,170,0,nan,nan,0.35
1/11/2022 20:53:22,1.11.0,FR1,3,4.13,1,1,Pellet,Left,174,49,171,0,0.54,27,nan
1/11/2022 21:01:35,1.11.0,FR1,3,4.13,1,1,Left,Left,175,49,171,0,nan,nan,0.17
1/11/2022 21:01:36,1.11.0,FR1,3,4.13,2,1,Pellet,Left,175,49,172,0,0.34,494,nan
1/11/2022 21:02:02,1.11.0,FR1,3,4.13,1,1,Left,Left,176,49,172,0,nan,nan,0.18
1/11/2022 21:02:03,1.11.0,FR1,3,4.13,1,1,Pellet,Left,176,49,173,0,0.68,27,nan
1/11/2022 21:22:42,1.11.0,FR1,3,4.13,1,1,Left,Left,177,49,173,0,nan,nan,0.21
1/11/2022 21:22:43,1.11.0,FR1,3,4.13,1,1,Pellet,Left,177,49,174,0,0.74,1240,nan
1/11/2022 21:23:13,1.11.0,FR1,3,4.13,1,1,Left,Left,178,49,174,0,nan,nan,0.24
1/11/2022 21:23:15,1.11.0,FR1,3,4.13,1,1,Pellet,Left,178,49,175,0,0.40,32,nan
1/11/2022 21:34:37,1.11.0,FR1,3,4.13,1,1,Left,Left,179,49,175,0,nan,nan,0.11
1/11/2022 21:34:40,1.11.0,FR1,3,4.13,2,1,Pellet,Left,179,49,176,0,0.20,685,nan
1/11/2022 21:35:08,1.11.0,FR1,3,4.13,1,1,Left,Left,180,49,176,0,nan,nan,0.24
1/11/2022 21:35:09,1.11.0,FR1,3,4.13,1,1,Pellet,Left,180,49,177,0,0.27,29,nan
1/11/2022 21:35:32,1.11.0,FR1,3,4.13,1,1,Left,Left,181,49,177,0,nan,nan,0.02
1/11/2022 21:35:33,1.11.0,FR1,3,4.13,1,1,Pellet,Left,181,49,178,0,0.20,24,nan
1/11/2022 21:35:54,1.11.0,FR1,3,4.13,1,1,Left,Left,182,49,178,0,nan,nan,0.13
1/11/2022 21:35:55,1.11.0,FR1,3,4.13,1,1,Pellet,Left,182,49,179,0,0.27,22,nan
1/11/2022 21:50:07,1.11.0,FR1,3,4.13,1,1,Left,Left,183,49,179,0,nan,nan,0.00
1/11/2022 21:50:09,1.11.0,FR1,3,4.13,1,1,Pellet,Left,183,49,180,0,0.27,853,nan
1/11/2022 21:50:35,1.11.0,FR1,3,4.13,1,1,Left,Left,184,49,180,0,nan,nan,0.18
1/11/2022 21:50:36,1.11.0,FR1,3,4.13,1,1,Pellet,Left,184,49,181,0,0.13,28,nan
1/11/2022 22:03:49,1.11.0,FR1,3,4.13,1,1,Left,Left,185,49,181,0,nan,nan,0.00
1/11/2022 22:03:50,1.11.0,FR1,3,4.13,1,1,Pellet,Left,185,49,182,0,0.34,794,nan
1/11/2022 22:11:49,1.11.0,FR1,3,4.13,1,1,Left,Left,186,49,182,0,nan,nan,0.05
1/11/2022 22:11:51,1.11.0,FR1,3,4.13,1,1,Pellet,Left,186,49,183,0,1.56,481,nan
1/11/2022 22:12:10,1.11.0,FR1,3,4.13,1,1,Left,Left,187,49,183,0,nan,nan,0.14
1/11/2022 22:12:11,1.11.0,FR1,3,4.12,1,1,Pellet,Left,187,49,184,0,0.20,20,nan
1/11/2022 22:12:34,1.11.0,FR1,3,4.13,1,1,Left,Left,188,49,184,0,nan,nan,0.13
1/11/2022 22:12:35,1.11.0,FR1,3,4.12,1,1,Pellet,Left,188,49,185,0,0.13,24,nan
1/11/2022 22:12:58,1.11.0,FR1,3,4.12,1,1,Left,Left,189,49,185,0,nan,nan,0.11
1/11/2022 22:13:26,1.11.0,FR1,3,4.13,3,1,Pellet,Left,189,49,186,0,22.93,50,nan
1/11/2022 22:13:54,1.11.0,FR1,3,4.13,1,1,Left,Left,190,49,186,0,nan,nan,0.07
1/11/2022 22:13:56,1.11.0,FR1,3,4.13,1,1,Pellet,Left,190,49,187,0,0.54,30,nan
1/11/2022 22:14:17,1.11.0,FR1,3,4.13,1,1,Left,Left,191,49,187,0,nan,nan,0.18
1/11/2022 22:14:18,1.11.0,FR1,3,4.13,1,1,Pellet,Left,191,49,188,0,0.20,23,nan
1/11/2022 22:22:48,1.11.0,FR1,3,4.13,1,1,Left,Left,192,49,188,0,nan,nan,0.07
1/11/2022 22:23:12,1.11.0,FR1,3,4.12,1,1,Pellet,Left,192,49,189,0,22.87,534,nan
1/11/2022 22:43:45,1.11.0,FR1,3,4.12,1,1,Left,Left,193,49,189,0,nan,nan,0.12
1/11/2022 22:43:47,1.11.0,FR1,3,4.13,1,1,Pellet,Left,193,49,190,0,0.61,1234,nan
1/11/2022 22:44:10,1.11.0,FR1,3,4.12,1,1,Left,Left,194,49,190,0,nan,nan,0.07
1/11/2022 22:44:10,1.11.0,FR1,3,4.12,1,1,Pellet,Left,194,49,191,0,0.20,24,nan
1/11/2022 22:44:37,1.11.0,FR1,3,4.12,1,1,Left,Left,195,49,191,0,nan,nan,0.11
1/11/2022 22:44:39,1.11.0,FR1,3,4.13,2,1,Pellet,Left,195,49,192,0,0.27,29,nan
1/11/2022 23:40:08,1.11.0,FR1,3,4.12,1,1,Left,Left,196,49,192,0,nan,nan,0.14
1/11/2022 23:40:09,1.11.0,FR1,3,4.12,1,1,Pellet,Left,196,49,193,0,0.13,3329,nan
1/11/2022 23:40:26,1.11.0,FR1,3,4.12,1,1,Left,Left,197,49,193,0,nan,nan,0.06
1/11/2022 23:40:27,1.11.0,FR1,3,4.12,1,1,Pellet,Left,197,49,194,0,0.13,18,nan
1/11/2022 23:40:43,1.11.0,FR1,3,4.12,1,1,Left,Left,198,49,194,0,nan,nan,0.19
1/11/2022 23:40:44,1.11.0,FR1,3,4.12,2,1,Pellet,Left,198,49,195,0,0.06,18,nan
1/11/2022 23:40:58,1.11.0,FR1,3,4.12,1,1,Left,Left,199,49,195,0,nan,nan,0.09
1/11/2022 23:40:59,1.11.0,FR1,3,4.13,1,1,Pellet,Left,199,49,196,0,0.20,15,nan
1/11/2022 23:41:15,1.11.0,FR1,3,4.12,1,1,Left,Left,200,49,196,0,nan,nan,0.03
1/11/2022 23:41:16,1.11.0,FR1,3,4.12,1,1,Pellet,Left,200,49,197,0,0.74,17,nan
1/11/2022 23:41:32,1.11.0,FR1,3,4.12,1,1,Left,Left,201,49,197,0,nan,nan,0.40
1/11/2022 23:41:33,1.11.0,FR1,3,4.12,1,1,Pellet,Left,201,49,198,0,0.40,17,nan
1/11/2022 23:41:50,1.11.0,FR1,3,4.12,1,1,Left,Left,202,49,198,0,nan,nan,0.38
1/11/2022 23:41:51,1.11.0,FR1,3,4.12,1,1,Pellet,Left,202,49,199,0,0.27,18,nan
1/11/2022 23:42:08,1.11.0,FR1,3,4.13,1,1,Left,Left,203,49,199,0,nan,nan,0.08
1/11/2022 23:42:09,1.11.0,FR1,3,4.12,1,1,Pellet,Left,203,49,200,0,0.54,18,nan
1/11/2022 23:42:21,1.11.0,FR1,3,4.12,1,1,Left,Left,204,49,200,0,nan,nan,0.05
1/11/2022 23:42:22,1.11.0,FR1,3,4.12,1,1,Pellet,Left,204,49,201,0,0.40,13,nan
1/11/2022 23:42:37,1.11.0,FR1,3,4.12,1,1,Left,Left,205,49,201,0,nan,nan,0.01
1/11/2022 23:42:38,1.11.0,FR1,3,4.12,1,1,Pellet,Left,205,49,202,0,0.20,16,nan
1/11/2022 23:42:57,1.11.0,FR1,3,4.12,1,1,Left,Left,206,49,202,0,nan,nan,0.00
1/11/2022 23:42:58,1.11.0,FR1,3,4.12,1,1,Pellet,Left,206,49,203,0,0.27,20,nan
1/11/2022 23:43:22,1.11.0,FR1,3,4.12,1,1,Left,Left,207,49,203,0,nan,nan,0.35
1/11/2022 23:43:23,1.11.0,FR1,3,4.12,1,1,Pellet,Left,207,49,204,0,0.34,25,nan
1/11/2022 23:43:43,1.11.0,FR1,3,4.12,1,1,Left,Left,208,49,204,0,nan,nan,0.39
1/11/2022 23:43:44,1.11.0,FR1,3,4.12,1,1,Pellet,Left,208,49,205,0,0.40,21,nan
1/11/2022 23:46:08,1.11.0,FR1,3,4.12,1,1,Right,Left,208,50,205,0,nan,nan,0.08
1/11/2022 23:47:02,1.11.0,FR1,3,4.12,1,1,Left,Left,209,50,205,0,nan,nan,0.02
1/11/2022 23:47:04,1.11.0,FR1,3,4.12,1,1,Pellet,Left,209,50,206,0,0.81,200,nan
1/11/2022 23:59:29,1.11.0,FR1,3,4.12,1,1,Left,Left,210,50,206,0,nan,nan,0.09
1/11/2022 23:59:30,1.11.0,FR1,3,4.12,1,1,Pellet,Left,210,50,207,0,0.41,746,nan
1/11/2022 23:59:57,1.11.0,FR1,3,4.12,1,1,Left,Left,211,50,207,0,nan,nan,0.05
1/11/2022 23:59:59,1.11.0,FR1,3,4.12,1,1,Pellet,Left,211,50,208,0,1.50,29,nan
1/12/2022 0:21:24,1.11.0,FR1,3,4.12,1,1,Left,Left,212,50,208,0,nan,nan,0.22
1/12/2022 0:21:25,1.11.0,FR1,3,4.12,2,1,Pellet,Left,212,50,209,0,0.06,1286,nan
1/12/2022 0:21:50,1.11.0,FR1,3,4.12,1,1,Left,Left,213,50,209,0,nan,nan,0.04
1/12/2022 0:21:51,1.11.0,FR1,3,4.12,1,1,Pellet,Left,213,50,210,0,0.20,26,nan
1/12/2022 0:32:31,1.11.0,FR1,3,4.12,1,1,Right,Left,213,51,210,0,nan,nan,0.56
1/12/2022 0:32:43,1.11.0,FR1,3,4.12,1,1,Left,Left,214,51,210,0,nan,nan,0.31
1/12/2022 0:32:44,1.11.0,FR1,3,4.12,1,1,Pellet,Left,214,51,211,0,0.47,653,nan
1/12/2022 0:33:10,1.11.0,FR1,3,4.12,1,1,Left,Left,215,51,211,0,nan,nan,0.14
1/12/2022 0:33:10,1.11.0,FR1,3,4.12,1,1,Pellet,Left,215,51,212,0,0.06,26,nan
1/12/2022 0:33:41,1.11.0,FR1,3,4.12,1,1,Left,Left,216,51,212,0,nan,nan,0.00
1/12/2022 0:33:42,1.11.0,FR1,3,4.12,1,1,Pellet,Left,216,51,213,0,0.13,32,nan
1/12/2022 0:41:49,1.11.0,FR1,3,4.12,1,1,Left,Left,217,51,213,0,nan,nan,0.00
1/12/2022 0:41:51,1.11.0,FR1,3,4.12,1,1,Pellet,Left,217,51,214,0,1.50,489,nan
1/12/2022 1:43:11,1.11.0,FR1,3,4.12,1,1,Left,Left,218,51,214,0,nan,nan,0.63
1/12/2022 1:43:13,1.11.0,FR1,3,4.12,1,1,Pellet,Left,218,51,215,0,0.34,3682,nan
1/12/2022 1:43:31,1.11.0,FR1,3,4.12,1,1,Left,Left,219,51,215,0,nan,nan,0.42
1/12/2022 1:43:36,1.11.0,FR1,3,4.12,3,1,Pellet,Left,219,51,216,0,0.06,23,nan
1/12/2022 1:43:55,1.11.0,FR1,3,4.12,1,1,Left,Left,220,51,216,0,nan,nan,0.34
1/12/2022 1:43:56,1.11.0,FR1,3,4.12,1,1,Pellet,Left,220,51,217,0,0.54,20,nan
1/12/2022 1:44:22,1.11.0,FR1,3,4.12,1,1,Left,Left,221,51,217,0,nan,nan,0.34
1/12/2022 1:44:23,1.11.0,FR1,3,4.12,1,1,Pellet,Left,221,51,218,0,0.20,27,nan
1/12/2022 1:44:47,1.11.0,FR1,3,4.11,1,1,Left,Left,222,51,218,0,nan,nan,0.23
1/12/2022 1:44:50,1.11.0,FR1,3,4.12,2,1,Pellet,Left,222,51,219,0,0.47,27,nan
1/12/2022 1:45:13,1.11.0,FR1,3,4.12,1,1,Left,Left,223,51,219,0,nan,nan,0.04
1/12/2022 1:45:15,1.11.0,FR1,3,4.12,1,1,Pellet,Left,223,51,220,0,1.02,24,nan
1/12/2022 1:45:48,1.11.0,FR1,3,4.12,1,1,Left,Left,224,51,220,0,nan,nan,0.28
1/12/2022 1:45:49,1.11.0,FR1,3,4.12,1,1,Pellet,Left,224,51,221,0,0.20,35,nan
1/12/2022 1:46:47,1.11.0,FR1,3,4.12,1,1,Left,Left,225,51,221,0,nan,nan,0.19
1/12/2022 1:46:48,1.11.0,FR1,3,4.12,1,1,Pellet,Left,225,51,222,0,0.20,59,nan
1/12/2022 1:47:10,1.11.0,FR1,3,4.12,1,1,Left,Left,226,51,222,0,nan,nan,0.22
1/12/2022 1:47:11,1.11.0,FR1,3,4.12,2,1,Pellet,Left,226,51,223,0,0.13,23,nan
1/12/2022 1:47:47,1.11.0,FR1,3,4.12,1,1,Left,Left,227,51,223,0,nan,nan,0.08
1/12/2022 1:48:18,1.11.0,FR1,3,4.12,2,1,Pellet,Left,227,51,224,0,28.02,67,nan
1/12/2022 2:08:08,1.11.0,FR1,3,4.12,1,1,Left,Left,228,51,224,0,nan,nan,0.05
1/12/2022 2:08:09,1.11.0,FR1,3,4.12,2,1,Pellet,Left,228,51,225,0,0.34,1191,nan
1/12/2022 2:08:27,1.11.0,FR1,3,4.12,1,1,Left,Left,229,51,225,0,nan,nan,0.16
1/12/2022 2:08:28,1.11.0,FR1,3,4.12,1,1,Pellet,Left,229,51,226,0,0.40,19,nan
1/12/2022 2:08:51,1.11.0,FR1,3,4.11,1,1,Left,Left,230,51,226,0,nan,nan,0.02
1/12/2022 2:08:52,1.11.0,FR1,3,4.12,1,1,Pellet,Left,230,51,227,0,0.68,24,nan
1/12/2022 2:59:36,1.11.0,FR1,3,4.12,1,1,Left,Left,231,51,227,0,nan,nan,0.07
1/12/2022 2:59:37,1.11.0,FR1,3,4.11,1,1,Pellet,Left,231,51,228,0,0.06,3045,nan
1/12/2022 2:59:59,1.11.0,FR1,3,4.11,1,1,Left,Left,232,51,228,0,nan,nan,0.24
1/12/2022 3:00:00,1.11.0,FR1,3,4.11,1,1,Pellet,Left,232,51,229,0,0.20,23,nan
1/12/2022 3:00:14,1.11.0,FR1,3,4.11,1,1,Left,Left,233,51,229,0,nan,nan,0.08
1/12/2022 3:00:15,1.11.0,FR1,3,4.12,1,1,Pellet,Left,233,51,230,0,0.27,15,nan
1/12/2022 3:00:36,1.11.0,FR1,3,4.12,1,1,Left,Left,234,51,230,0,nan,nan,0.23
1/12/2022 3:00:48,1.11.0,FR1,3,4.12,2,1,Pellet,Left,234,51,231,0,9.16,32,nan
1/12/2022 3:01:03,1.11.0,FR1,3,4.11,1,1,Left,Left,235,51,231,0,nan,nan,0.11
1/12/2022 3:01:04,1.11.0,FR1,3,4.11,1,1,Pellet,Left,235,51,232,0,0.20,17,nan
1/12/2022 3:01:25,1.11.0,FR1,3,4.11,1,1,Left,Left,236,51,232,0,nan,nan,0.07
1/12/2022 3:01:28,1.11.0,FR1,3,4.11,2,1,Pellet,Left,236,51,233,0,0.81,24,nan
1/12/2022 3:01:45,1.11.0,FR1,3,4.11,1,1,Left,Left,237,51,233,0,nan,nan,0.17
1/12/2022 3:01:46,1.11.0,FR1,3,4.12,1,1,Pellet,Left,237,51,234,0,0.27,18,nan
1/12/2022 3:02:08,1.11.0,FR1,3,4.11,1,1,Left,Left,238,51,234,0,nan,nan,0.06
1/12/2022 3:02:09,1.11.0,FR1,3,4.11,1,1,Pellet,Left,238,51,235,0,0.13,23,nan
1/12/2022 3:02:29,1.11.0,FR1,3,4.11,1,1,Left,Left,239,51,235,0,nan,nan,0.08
1/12/2022 3:02:30,1.11.0,FR1,3,4.11,1,1,Pellet,Left,239,51,236,0,0.13,21,nan
1/12/2022 3:02:51,1.11.0,FR1,3,4.12,1,1,Left,Left,240,51,236,0,nan,nan,0.13
1/12/2022 3:02:52,1.11.0,FR1,3,4.11,1,1,Pellet,Left,240,51,237,0,0.13,22,nan
1/12/2022 3:53:46,1.11.0,FR1,3,4.11,1,1,Left,Left,241,51,237,0,nan,nan,0.21
1/12/2022 3:53:48,1.11.0,FR1,3,4.11,1,1,Pellet,Left,241,51,238,0,2.04,3056,nan
1/12/2022 3:54:13,1.11.0,FR1,3,4.11,1,1,Left,Left,242,51,238,0,nan,nan,0.14
1/12/2022 3:54:14,1.11.0,FR1,3,4.11,1,1,Pellet,Left,242,51,239,0,0.27,26,nan
1/12/2022 4:09:28,1.11.0,FR1,3,4.11,1,1,Left,Left,243,51,239,0,nan,nan,0.08
1/12/2022 4:09:29,1.11.0,FR1,3,4.11,1,1,Pellet,Left,243,51,240,0,0.54,915,nan
1/12/2022 4:09:54,1.11.0,FR1,3,4.11,1,1,Left,Left,244,51,240,0,nan,nan,0.11
1/12/2022 4:09:56,1.11.0,FR1,3,4.11,2,1,Pellet,Left,244,51,241,0,0.81,27,nan
1/12/2022 4:10:19,1.11.0,FR1,3,4.11,1,1,Left,Left,245,51,241,0,nan,nan,0.14
1/12/2022 4:10:20,1.11.0,FR1,3,4.11,1,1,Pellet,Left,245,51,242,0,0.20,24,nan
1/12/2022 4:10:46,1.11.0,FR1,3,4.11,1,1,Left,Left,246,51,242,0,nan,nan,0.08
1/12/2022 4:10:47,1.11.0,FR1,3,4.11,1,1,Pellet,Left,246,51,243,0,0.20,27,nan
1/12/2022 4:23:00,1.11.0,FR1,3,4.12,1,1,Left,Left,247,51,243,0,nan,nan,0.04
1/12/2022 4:23:03,1.11.0,FR1,3,4.11,2,1,Pellet,Left,247,51,244,0,2.11,736,nan
1/12/2022 4:23:26,1.11.0,FR1,3,4.11,1,1,Left,Left,248,51,244,0,nan,nan,0.04
1/12/2022 4:23:27,1.11.0,FR1,3,4.11,1,1,Pellet,Left,248,51,245,0,0.34,24,nan
1/12/2022 4:35:57,1.11.0,FR1,3,4.11,1,1,Left,Left,249,51,245,0,nan,nan,0.00
1/12/2022 4:36:30,1.11.0,FR1,3,4.11,1,1,Pellet,Left,249,51,246,0,31.73,782,nan
1/12/2022 4:40:38,1.11.0,FR1,3,4.11,1,1,Left,Left,250,51,246,0,nan,nan,0.17
1/12/2022 4:40:40,1.11.0,FR1,3,4.11,1,1,Pellet,Left,250,51,247,0,1.08,251,nan
1/12/2022 4:41:07,1.11.0,FR1,3,4.11,1,1,Left,Left,251,51,247,0,nan,nan,0.13
1/12/2022 4:41:08,1.11.0,FR1,3,4.11,1,1,Pellet,Left,251,51,248,0,0.20,28,nan
1/12/2022 4:41:34,1.11.0,FR1,3,4.11,1,1,Left,Left,252,51,248,0,nan,nan,0.01
1/12/2022 4:41:37,1.11.0,FR1,3,4.11,1,1,Pellet,Left,252,51,249,0,2.66,29,nan
1/12/2022 5:00:42,1.11.0,FR1,3,4.11,1,1,Right,Left,252,52,249,0,nan,nan,0.01
1/12/2022 5:00:47,1.11.0,FR1,3,4.11,1,1,Left,Left,253,52,249,0,nan,nan,0.10
1/12/2022 5:00:48,1.11.0,FR1,3,4.11,1,1,Pellet,Left,253,52,250,0,0.13,1151,nan
1/12/2022 5:01:13,1.11.0,FR1,3,4.11,1,1,Left,Left,254,52,250,0,nan,nan,0.19
1/12/2022 5:01:14,1.11.0,FR1,3,4.11,1,1,Pellet,Left,254,52,251,0,0.40,26,nan
1/12/2022 5:01:36,1.11.0,FR1,3,4.11,1,1,Left,Left,255,52,251,0,nan,nan,0.03
1/12/2022 5:01:37,1.11.0,FR1,3,4.11,1,1,Pellet,Left,255,52,252,0,0.27,23,nan
1/12/2022 6:35:23,1.11.0,FR1,3,4.11,1,1,Left,Left,256,52,252,0,nan,nan,0.29
1/12/2022 6:35:24,1.11.0,FR1,3,4.11,1,1,Pellet,Left,256,52,253,0,0.34,5627,nan
1/12/2022 6:35:49,1.11.0,FR1,3,4.10,1,1,Left,Left,257,52,253,0,nan,nan,0.20
1/12/2022 6:35:51,1.11.0,FR1,3,4.11,1,1,Pellet,Left,257,52,254,0,1.22,27,nan
1/12/2022 6:36:22,1.11.0,FR1,3,4.11,1,1,Left,Left,258,52,254,0,nan,nan,0.08
1/12/2022 6:36:23,1.11.0,FR1,3,4.11,1,1,Pellet,Left,258,52,255,0,0.88,32,nan
1/12/2022 6:36:53,1.11.0,FR1,3,4.11,1,1,Left,Left,259,52,255,0,nan,nan,0.14
1/12/2022 6:36:54,1.11.0,FR1,3,4.11,1,1,Pellet,Left,259,52,256,0,0.34,31,nan
1/12/2022 6:37:24,1.11.0,FR1,3,4.11,1,1,Left,Left,260,52,256,0,nan,nan,0.19
1/12/2022 6:37:25,1.11.0,FR1,3,4.10,1,1,Pellet,Left,260,52,257,0,0.47,31,nan
1/12/2022 6:56:41,1.11.0,FR1,3,4.11,1,1,Left,Left,261,52,257,0,nan,nan,0.25
1/12/2022 6:56:44,1.11.0,FR1,3,4.10,1,1,Pellet,Left,261,52,258,0,3.00,1159,nan
1/12/2022 6:57:09,1.11.0,FR1,3,4.10,1,1,Left,Left,262,52,258,0,nan,nan,0.00
1/12/2022 6:57:31,1.11.0,FR1,3,4.11,3,1,Pellet,Left,262,52,259,0,17.67,47,nan
1/12/2022 6:58:53,1.11.0,FR1,3,4.11,1,1,Left,Left,263,52,259,0,nan,nan,0.20
1/12/2022 6:58:54,1.11.0,FR1,3,4.11,1,1,Pellet,Left,263,52,260,0,0.20,83,nan
1/12/2022 7:02:06,1.11.0,FR1,3,4.11,1,1,Left,Left,264,52,260,0,nan,nan,0.10
1/12/2022 7:02:08,1.11.0,FR1,3,4.11,1,1,Pellet,Left,264,52,261,0,1.02,194,nan
1/12/2022 7:02:28,1.11.0,FR1,3,4.11,1,1,Left,Left,265,52,261,0,nan,nan,0.02
1/12/2022 7:02:29,1.11.0,FR1,3,4.11,1,1,Pellet,Left,265,52,262,0,0.06,21,nan
1/12/2022 7:17:59,1.11.0,FR1,3,4.10,1,1,Left,Left,266,52,262,0,nan,nan,0.05
1/12/2022 7:18:00,1.11.0,FR1,3,4.10,1,1,Pellet,Left,266,52,263,0,0.75,931,nan
1/12/2022 7:19:25,1.11.0,FR1,3,4.11,1,1,Right,Left,266,53,263,0,nan,nan,0.86
1/12/2022 7:19:26,1.11.0,FR1,3,4.10,1,1,Right,Left,266,54,263,0,nan,nan,0.31
1/12/2022 7:19:44,1.11.0,FR1,3,4.11,1,1,Right,Left,266,55,263,0,nan,nan,0.05
1/12/2022 7:19:45,1.11.0,FR1,3,4.11,1,1,Right,Left,266,56,263,0,nan,nan,0.03
1/12/2022 7:19:46,1.11.0,FR1,3,4.11,1,1,Right,Left,266,57,263,0,nan,nan,0.04
1/12/2022 7:31:46,1.11.0,FR1,3,4.11,1,1,Left,Left,267,57,263,0,nan,nan,0.16
1/12/2022 7:31:48,1.11.0,FR1,3,4.10,1,1,Pellet,Left,267,57,264,0,0.95,828,nan
1/12/2022 7:32:18,1.11.0,FR1,3,4.10,1,1,Left,Left,268,57,264,0,nan,nan,0.23
1/12/2022 7:32:19,1.11.0,FR1,3,4.10,1,1,Pellet,Left,268,57,265,0,0.20,31,nan
1/12/2022 7:33:12,1.11.0,FR1,3,4.10,1,1,Left,Left,269,57,265,0,nan,nan,0.12
1/12/2022 7:33:14,1.11.0,FR1,3,4.11,2,1,Pellet,Left,269,57,266,0,1.02,54,nan
1/12/2022 7:42:17,1.11.0,FR1,3,4.11,1,1,Left,Left,270,57,266,0,nan,nan,0.02
1/12/2022 7:42:18,1.11.0,FR1,3,4.10,1,1,Pellet,Left,270,57,267,0,0.27,545,nan
1/12/2022 7:42:42,1.11.0,FR1,3,4.11,1,1,Left,Left,271,57,267,0,nan,nan,0.04
1/12/2022 7:42:43,1.11.0,FR1,3,4.10,1,1,Pellet,Left,271,57,268,0,0.54,25,nan
1/12/2022 7:47:23,1.11.0,FR1,3,4.11,1,1,Left,Left,272,57,268,0,nan,nan,0.01
1/12/2022 7:47:27,1.11.0,FR1,3,4.09,1,1,Pellet,Left,272,57,269,0,2.32,284,nan
1/12/2022 7:47:55,1.11.0,FR1,3,4.10,1,1,Left,Left,273,57,269,0,nan,nan,0.17
1/12/2022 7:47:57,1.11.0,FR1,3,4.10,1,1,Pellet,Left,273,57,270,0,1.29,30,nan
1/12/2022 9:14:57,1.11.0,FR1,3,4.09,1,1,Left,Left,274,57,270,0,nan,nan,0.13
1/12/2022 9:14:58,1.11.0,FR1,3,4.11,1,1,Pellet,Left,274,57,271,0,0.40,5221,nan
1/12/2022 9:15:15,1.11.0,FR1,3,4.10,1,1,Left,Left,275,57,271,0,nan,nan,0.02
1/12/2022 9:15:16,1.11.0,FR1,3,4.10,1,1,Pellet,Left,275,57,272,0,0.20,18,nan
1/12/2022 9:15:36,1.11.0,FR1,3,4.10,1,1,Left,Left,276,57,272,0,nan,nan,0.16
1/12/2022 9:15:37,1.11.0,FR1,3,4.10,1,1,Pellet,Left,276,57,273,0,0.20,21,nan
1/12/2022 9:16:01,1.11.0,FR1,3,4.10,1,1,Left,Left,277,57,273,0,nan,nan,0.12
1/12/2022 9:16:02,1.11.0,FR1,3,4.09,1,1,Pellet,Left,277,57,274,0,0.13,25,nan
1/12/2022 9:16:26,1.11.0,FR1,3,4.10,1,1,Left,Left,278,57,274,0,nan,nan,0.08
1/12/2022 9:16:44,1.11.0,FR1,3,4.10,4,1,Pellet,Left,278,57,275,0,12.86,42,nan
1/12/2022 9:17:09,1.11.0,FR1,3,4.10,1,1,Left,Left,279,57,275,0,nan,nan,0.03
1/12/2022 9:17:25,1.11.0,FR1,3,4.11,3,1,Pellet,Left,279,57,276,0,11.55,41,nan
1/12/2022 9:17:49,1.11.0,FR1,3,4.10,1,1,Left,Left,280,57,276,0,nan,nan,0.11
1/12/2022 9:17:50,1.11.0,FR1,3,4.10,2,1,Pellet,Left,280,57,277,0,0.06,25,nan
1/12/2022 9:18:13,1.11.0,FR1,3,4.10,1,1,Left,Left,281,57,277,0,nan,nan,0.19
1/12/2022 9:18:50,1.11.0,FR1,3,4.09,2,1,Pellet,Left,281,57,278,0,33.65,60,nan
1/12/2022 9:19:15,1.11.0,FR1,3,4.11,1,1,Left,Left,282,57,278,0,nan,nan,0.11
1/12/2022 9:19:16,1.11.0,FR1,3,4.10,2,1,Pellet,Left,282,57,279,0,0.06,26,nan
1/12/2022 9:19:51,1.11.0,FR1,3,4.10,1,1,Left,Left,283,57,279,0,nan,nan,0.07
1/12/2022 9:19:52,1.11.0,FR1,3,4.10,1,1,Pellet,Left,283,57,280,0,1.09,36,nan
1/12/2022 9:20:16,1.11.0,FR1,3,4.10,1,1,Left,Left,284,57,280,0,nan,nan,0.03
1/12/2022 9:20:17,1.11.0,FR1,3,4.10,1,1,Pellet,Left,284,57,281,0,0.27,25,nan
1/12/2022 9:37:25,1.11.0,FR1,3,4.09,1,1,Right,Left,284,58,281,0,nan,nan,0.08
1/12/2022 9:37:29,1.11.0,FR1,3,4.10,1,1,Right,Left,284,59,281,0,nan,nan,0.02
1/12/2022 9:38:49,1.11.0,FR1,3,4.09,1,1,Left,Left,285,59,281,0,nan,nan,0.18
1/12/2022 9:38:51,1.11.0,FR1,3,4.10,1,1,Pellet,Left,285,59,282,0,0.75,1114,nan
1/12/2022 9:41:19,1.11.0,FR1,3,4.10,1,1,Right,Left,285,60,282,0,nan,nan,0.44
1/12/2022 9:41:21,1.11.0,FR1,3,4.10,1,1,Right,Left,285,61,282,0,nan,nan,0.00
1/12/2022 9:41:23,1.11.0,FR1,3,4.10,1,1,Right,Left,285,62,282,0,nan,nan,0.20
1/12/2022 9:46:14,1.11.0,FR1,3,4.10,1,1,Left,Left,286,62,282,0,nan,nan,0.58
1/12/2022 9:50:48,1.11.0,FR1,3,4.09,1,1,Pellet,Left,286,62,283,0,Timed_out,717,nan
1/12/2022 12:18:45,1.11.0,FR1,3,4.10,1,1,Left,Left,287,62,283,0,nan,nan,0.48
1/12/2022 12:18:55,1.11.0,FR1,3,4.09,1,1,Pellet,Left,287,62,284,0,8.27,8886,nan
1/12/2022 12:19:25,1.11.0,FR1,3,4.09,1,1,Left,Left,288,62,284,0,nan,nan,0.21
1/12/2022 12:19:26,1.11.0,FR1,3,4.09,1,1,Pellet,Left,288,62,285,0,0.27,32,nan
1/12/2022 12:19:50,1.11.0,FR1,3,4.09,1,1,Left,Left,289,62,285,0,nan,nan,0.01
1/12/2022 12:19:51,1.11.0,FR1,3,4.09,1,1,Pellet,Left,289,62,286,0,0.34,25,nan
1/12/2022 12:20:15,1.11.0,FR1,3,4.09,1,1,Left,Left,290,62,286,0,nan,nan,0.12
1/12/2022 12:20:16,1.11.0,FR1,3,4.09,1,1,Pellet,Left,290,62,287,0,0.13,25,nan
1/12/2022 12:20:42,1.11.0,FR1,3,4.10,1,1,Left,Left,291,62,287,0,nan,nan,0.07
1/12/2022 12:20:43,1.11.0,FR1,3,4.09,1,1,Pellet,Left,291,62,288,0,0.20,26,nan
1/12/2022 12:20:59,1.11.0,FR1,3,4.09,1,1,Left,Left,292,62,288,0,nan,nan,0.04
1/12/2022 12:21:00,1.11.0,FR1,3,4.09,1,1,Pellet,Left,292,62,289,0,0.41,18,nan
1/12/2022 12:21:24,1.11.0,FR1,3,4.09,1,1,Left,Left,293,62,289,0,nan,nan,0.00
1/12/2022 12:21:25,1.11.0,FR1,3,4.09,1,1,Pellet,Left,293,62,290,0,0.34,25,nan
1/12/2022 12:21:51,1.11.0,FR1,3,4.09,1,1,Left,Left,294,62,290,0,nan,nan,0.11
1/12/2022 12:21:52,1.11.0,FR1,3,4.09,1,1,Pellet,Left,294,62,291,0,0.61,27,nan
1/12/2022 16:57:37,1.11.0,FR1,3,4.09,1,1,Left,Left,295,62,291,0,nan,nan,0.22
1/12/2022 16:57:39,1.11.0,FR1,3,4.09,1,1,Pellet,Left,295,62,292,0,1.29,16547,nan
1/12/2022 16:58:10,1.11.0,FR1,3,4.09,1,1,Left,Left,296,62,292,0,nan,nan,0.14
1/12/2022 16:58:11,1.11.0,FR1,3,4.09,2,1,Pellet,Left,296,62,293,0,0.06,32,nan
1/12/2022 16:58:32,1.11.0,FR1,3,4.08,1,1,Left,Left,297,62,293,0,nan,nan,0.28
1/12/2022 16:58:33,1.11.0,FR1,3,4.09,2,1,Pellet,Left,297,62,294,0,0.06,22,nan
1/12/2022 16:58:57,1.11.0,FR1,3,4.09,1,1,Left,Left,298,62,294,0,nan,nan,0.15
1/12/2022 16:58:58,1.11.0,FR1,3,4.09,2,1,Pellet,Left,298,62,295,0,0.06,25,nan
1/12/2022 16:59:27,1.11.0,FR1,3,4.09,1,1,Left,Left,299,62,295,0,nan,nan,0.04
1/12/2022 16:59:28,1.11.0,FR1,3,4.08,2,1,Pellet,Left,299,62,296,0,0.06,30,nan
1/12/2022 16:59:48,1.11.0,FR1,3,4.09,1,1,Left,Left,300,62,296,0,nan,nan,0.04
1/12/2022 16:59:49,1.11.0,FR1,3,4.09,2,1,Pellet,Left,300,62,297,0,0.06,21,nan
1/12/2022 17:00:10,1.11.0,FR1,3,4.09,1,1,Left,Left,301,62,297,0,nan,nan,0.17
1/12/2022 17:00:26,1.11.0,FR1,3,4.09,3,1,Pellet,Left,301,62,298,0,11.00,37,nan
1/12/2022 17:00:44,1.11.0,FR1,3,4.09,1,1,Left,Left,302,62,298,0,nan,nan,0.02
1/12/2022 17:00:45,1.11.0,FR1,3,4.09,1,1,Pellet,Left,302,62,299,0,0.47,19,nan
1/12/2022 18:28:05,1.11.0,FR1,3,4.08,1,1,Left,Left,303,62,299,0,nan,nan,0.24
1/12/2022 18:28:06,1.11.0,FR1,3,4.08,2,1,Pellet,Left,303,62,300,0,0.13,5241,nan
1/12/2022 18:28:25,1.11.0,FR1,3,4.09,1,1,Left,Left,304,62,300,0,nan,nan,0.09
1/12/2022 18:28:26,1.11.0,FR1,3,4.08,1,1,Pellet,Left,304,62,301,0,0.27,20,nan
1/12/2022 18:28:41,1.11.0,FR1,3,4.08,1,1,Left,Left,305,62,301,0,nan,nan,0.04
1/12/2022 18:28:57,1.11.0,FR1,3,4.08,3,1,Pellet,Left,305,62,302,0,11.76,31,nan
1/12/2022 19:23:48,1.11.0,FR1,3,4.07,1,1,Left,Left,306,62,302,0,nan,nan,0.07
1/12/2022 19:23:49,1.11.0,FR1,3,4.08,1,1,Pellet,Left,306,62,303,0,0.27,3292,nan
1/12/2022 19:24:02,1.11.0,FR1,3,4.08,1,1,Left,Left,307,62,303,0,nan,nan,0.09
1/12/2022 19:24:03,1.11.0,FR1,3,4.09,2,1,Pellet,Left,307,62,304,0,0.06,14,nan
1/12/2022 19:24:15,1.11.0,FR1,3,4.08,1,1,Left,Left,308,62,304,0,nan,nan,0.04
1/12/2022 19:24:16,1.11.0,FR1,3,4.07,1,1,Pellet,Left,308,62,305,0,0.20,13,nan
1/12/2022 19:24:28,1.11.0,FR1,3,4.08,1,1,Left,Left,309,62,305,0,nan,nan,0.09
1/12/2022 19:24:31,1.11.0,FR1,3,4.09,2,1,Pellet,Left,309,62,306,0,0.61,15,nan
1/12/2022 19:24:46,1.11.0,FR1,3,4.09,1,1,Left,Left,310,62,306,0,nan,nan,0.36
1/12/2022 19:24:47,1.11.0,FR1,3,4.08,2,1,Pellet,Left,310,62,307,0,0.06,16,nan
1/12/2022 19:25:01,1.11.0,FR1,3,4.08,1,1,Left,Left,311,62,307,0,nan,nan,0.03
1/12/2022 19:25:02,1.11.0,FR1,3,4.08,1,1,Pellet,Left,311,62,308,0,0.34,15,nan
1/12/2022 19:25:16,1.11.0,FR1,3,4.08,1,1,Left,Left,312,62,308,0,nan,nan,0.09
1/12/2022 19:25:18,1.11.0,FR1,3,4.07,1,1,Pellet,Left,312,62,309,0,1.22,16,nan
1/12/2022 19:51:38,1.11.0,FR1,3,4.07,1,1,Left,Left,313,62,309,0,nan,nan,0.26
1/12/2022 19:51:39,1.11.0,FR1,3,4.07,1,1,Pellet,Left,313,62,310,0,0.27,1581,nan
1/12/2022 19:52:07,1.11.0,FR1,3,4.07,1,1,Left,Left,314,62,310,0,nan,nan,0.28
1/12/2022 19:52:08,1.11.0,FR1,3,4.07,2,1,Pellet,Left,314,62,311,0,0.06,29,nan
1/12/2022 19:52:33,1.11.0,FR1,3,4.08,1,1,Left,Left,315,62,311,0,nan,nan,0.05
1/12/2022 19:52:34,1.11.0,FR1,3,4.08,1,1,Pellet,Left,315,62,312,0,0.06,26,nan
1/12/2022 20:20:12,1.11.0,FR1,3,4.08,1,1,Left,Left,316,62,312,0,nan,nan,0.20
1/12/2022 20:20:14,1.11.0,FR1,3,4.08,1,1,Pellet,Left,316,62,313,0,1.36,1660,nan
1/12/2022 20:20:44,1.11.0,FR1,3,4.07,1,1,Left,Left,317,62,313,0,nan,nan,0.05
1/12/2022 20:20:45,1.11.0,FR1,3,4.08,1,1,Pellet,Left,317,62,314,0,0.81,31,nan
1/12/2022 20:36:56,1.11.0,FR1,3,4.08,1,1,Left,Left,318,62,314,0,nan,nan,0.08
1/12/2022 20:37:00,1.11.0,FR1,3,4.08,1,1,Pellet,Left,318,62,315,0,3.20,975,nan
1/12/2022 20:54:53,1.11.0,FR1,3,4.07,1,1,Left,Left,319,62,315,0,nan,nan,0.14
1/12/2022 20:54:54,1.11.0,FR1,3,4.07,1,1,Pellet,Left,319,62,316,0,0.68,1074,nan
1/12/2022 20:55:17,1.11.0,FR1,3,4.08,1,1,Left,Left,320,62,316,0,nan,nan,0.01
1/12/2022 20:55:18,1.11.0,FR1,3,4.07,1,1,Pellet,Left,320,62,317,0,0.27,24,nan
1/12/2022 20:55:56,1.11.0,FR1,3,4.07,1,1,Left,Left,321,62,317,0,nan,nan,0.13
1/12/2022 20:56:00,1.11.0,FR1,3,4.08,2,1,Pellet,Left,321,62,318,0,0.54,41,nan
1/12/2022 21:10:07,1.11.0,FR1,3,4.08,1,1,Left,Left,322,62,318,0,nan,nan,0.03
1/12/2022 21:10:09,1.11.0,FR1,3,4.08,1,1,Pellet,Left,322,62,319,0,0.47,850,nan
1/12/2022 21:10:27,1.11.0,FR1,3,4.08,1,1,Left,Left,323,62,319,0,nan,nan,0.04
1/12/2022 21:10:39,1.11.0,FR1,3,4.07,2,1,Pellet,Left,323,62,320,0,8.68,30,nan
1/12/2022 21:10:57,1.11.0,FR1,3,4.08,1,1,Left,Left,324,62,320,0,nan,nan,0.08
1/12/2022 21:10:58,1.11.0,FR1,3,4.08,1,1,Pellet,Left,324,62,321,0,0.27,19,nan
1/12/2022 21:11:23,1.11.0,FR1,3,4.08,1,1,Left,Left,325,62,321,0,nan,nan,0.05
1/12/2022 21:11:25,1.11.0,FR1,3,4.07,1,1,Pellet,Left,325,62,322,0,0.61,26,nan
1/12/2022 21:11:47,1.11.0,FR1,3,4.07,1,1,Left,Left,326,62,322,0,nan,nan,0.02
1/12/2022 21:11:48,1.11.0,FR1,3,4.07,1,1,Pellet,Left,326,62,323,0,0.68,24,nan
1/12/2022 21:28:29,1.11.0,FR1,3,4.07,1,1,Left,Left,327,62,323,0,nan,nan,0.15
1/12/2022 21:28:31,1.11.0,FR1,3,4.07,1,1,LeftWithPellet,Left,328,62,323,0,nan,nan,0.10
1/12/2022 21:28:32,1.11.0,FR1,3,4.07,1,1,Pellet,Left,328,62,324,0,1.99,1004,nan
1/12/2022 21:28:55,1.11.0,FR1,3,4.08,1,1,Left,Left,329,62,324,0,nan,nan,0.12
1/12/2022 21:28:58,1.11.0,FR1,3,4.07,1,1,Pellet,Left,329,62,325,0,2.66,26,nan
1/12/2022 21:32:29,1.11.0,FR1,3,4.08,1,1,Right,Left,329,63,325,0,nan,nan,0.04
1/12/2022 21:36:57,1.11.0,FR1,3,4.08,1,1,Right,Left,329,64,325,0,nan,nan,0.01
1/12/2022 21:53:48,1.11.0,FR1,3,4.07,1,1,Left,Left,330,64,325,0,nan,nan,0.05
1/12/2022 21:53:50,1.11.0,FR1,3,4.07,1,1,Pellet,Left,330,64,326,0,1.09,1492,nan
1/12/2022 21:54:09,1.11.0,FR1,3,4.07,1,1,Left,Left,331,64,326,0,nan,nan,0.22
1/12/2022 21:54:11,1.11.0,FR1,3,4.08,1,1,Pellet,Left,331,64,327,0,0.34,21,nan
1/12/2022 21:54:35,1.11.0,FR1,3,4.08,1,1,Left,Left,332,64,327,0,nan,nan,0.19
1/12/2022 21:54:36,1.11.0,FR1,3,4.08,1,1,Pellet,Left,332,64,328,0,0.40,25,nan
1/12/2022 21:55:00,1.11.0,FR1,3,4.07,1,1,Left,Left,333,64,328,0,nan,nan,0.07
1/12/2022 21:55:01,1.11.0,FR1,3,4.07,1,1,Pellet,Left,333,64,329,0,0.27,25,nan
1/12/2022 22:02:18,1.11.0,FR1,3,4.08,1,1,Right,Left,333,65,329,0,nan,nan,0.08
1/12/2022 22:02:18,1.11.0,FR1,3,4.07,1,1,Right,Left,333,66,329,0,nan,nan,0.00
1/12/2022 22:10:32,1.11.0,FR1,3,4.08,1,1,Left,Left,334,66,329,0,nan,nan,0.11
1/12/2022 22:10:35,1.11.0,FR1,3,4.07,1,1,Pellet,Left,334,66,330,0,2.11,934,nan
1/12/2022 22:10:54,1.11.0,FR1,3,4.07,1,1,Left,Left,335,66,330,0,nan,nan,0.03
1/12/2022 22:10:55,1.11.0,FR1,3,4.07,1,1,Pellet,Left,335,66,331,0,0.75,20,nan
1/12/2022 22:11:15,1.11.0,FR1,3,4.07,1,1,Left,Left,336,66,331,0,nan,nan,0.10
1/12/2022 22:11:15,1.11.0,FR1,3,4.07,1,1,Pellet,Left,336,66,332,0,0.20,20,nan
1/12/2022 22:11:32,1.11.0,FR1,3,4.07,1,1,Left,Left,337,66,332,0,nan,nan,0.03
1/12/2022 22:11:33,1.11.0,FR1,3,4.07,1,1,Pellet,Left,337,66,333,0,0.20,18,nan
1/12/2022 22:11:58,1.11.0,FR1,3,4.07,1,1,Left,Left,338,66,333,0,nan,nan,0.18
1/12/2022 22:12:00,1.11.0,FR1,3,4.07,2,1,Pellet,Left,338,66,334,0,1.22,27,nan
1/12/2022 22:25:38,1.11.0,FR1,3,4.07,1,1,Left,Left,339,66,334,0,nan,nan,0.03
1/12/2022 22:25:40,1.11.0,FR1,3,4.07,1,1,Pellet,Left,339,66,335,0,0.68,819,nan
1/12/2022 22:26:00,1.11.0,FR1,3,4.07,1,1,Left,Left,340,66,335,0,nan,nan,0.01
1/12/2022 22:26:02,1.11.0,FR1,3,4.07,1,1,Pellet,Left,340,66,336,0,0.95,23,nan
1/12/2022 23:08:39,1.11.0,FR1,3,4.07,1,1,Left,Left,341,66,336,0,nan,nan,0.15
1/12/2022 23:08:40,1.11.0,FR1,3,4.08,1,1,Pellet,Left,341,66,337,0,0.95,2558,nan
1/12/2022 23:09:04,1.11.0,FR1,3,4.07,1,1,Left,Left,342,66,337,0,nan,nan,0.00
1/12/2022 23:09:05,1.11.0,FR1,3,4.07,2,1,Pellet,Left,342,66,338,0,0.06,25,nan
1/12/2022 23:09:23,1.11.0,FR1,3,4.07,1,1,Left,Left,343,66,338,0,nan,nan,0.13
1/12/2022 23:09:24,1.11.0,FR1,3,4.07,1,1,Pellet,Left,343,66,339,0,0.41,19,nan
1/12/2022 23:09:35,1.11.0,FR1,3,4.07,1,1,Left,Left,344,66,339,0,nan,nan,0.16
1/12/2022 23:09:36,1.11.0,FR1,3,4.07,2,1,Pellet,Left,344,66,340,0,0.20,12,nan
1/12/2022 23:09:58,1.11.0,FR1,3,4.08,1,1,Left,Left,345,66,340,0,nan,nan,0.13
1/12/2022 23:09:59,1.11.0,FR1,3,4.07,1,1,Pellet,Left,345,66,341,0,0.20,23,nan
1/12/2022 23:10:14,1.11.0,FR1,3,4.07,1,1,Left,Left,346,66,341,0,nan,nan,0.16
1/12/2022 23:10:15,1.11.0,FR1,3,4.07,1,1,Pellet,Left,346,66,342,0,0.54,16,nan
1/12/2022 23:10:31,1.11.0,FR1,3,4.07,1,1,Left,Left,347,66,342,0,nan,nan,0.03
1/12/2022 23:10:33,1.11.0,FR1,3,4.07,1,1,Pellet,Left,347,66,343,0,0.47,18,nan
1/12/2022 23:10:45,1.11.0,FR1,3,4.07,1,1,Left,Left,348,66,343,0,nan,nan,0.10
1/12/2022 23:10:46,1.11.0,FR1,3,4.07,1,1,Pellet,Left,348,66,344,0,0.41,13,nan
1/12/2022 23:10:57,1.11.0,FR1,3,4.07,1,1,Left,Left,349,66,344,0,nan,nan,0.05
1/12/2022 23:10:58,1.11.0,FR1,3,4.07,1,1,Pellet,Left,349,66,345,0,0.20,12,nan
1/12/2022 23:11:12,1.11.0,FR1,3,4.08,1,1,Left,Left,350,66,345,0,nan,nan,0.03
1/12/2022 23:11:13,1.11.0,FR1,3,4.08,1,1,Pellet,Left,350,66,346,0,0.06,15,nan
1/12/2022 23:11:31,1.11.0,FR1,3,4.07,1,1,Left,Left,351,66,346,0,nan,nan,0.21
1/12/2022 23:11:32,1.11.0,FR1,3,4.07,1,1,Pellet,Left,351,66,347,0,0.27,19,nan
1/12/2022 23:11:52,1.11.0,FR1,3,4.07,1,1,Left,Left,352,66,347,0,nan,nan,0.26
1/12/2022 23:11:54,1.11.0,FR1,3,4.07,1,1,Pellet,Left,352,66,348,0,1.02,22,nan
1/12/2022 23:39:20,1.11.0,FR1,3,4.07,1,1,Right,Left,352,67,348,0,nan,nan,0.05
1/12/2022 23:39:21,1.11.0,FR1,3,4.07,1,1,Right,Left,352,68,348,0,nan,nan,0.23
1/12/2022 23:40:55,1.11.0,FR1,3,4.07,1,1,Left,Left,353,68,348,0,nan,nan,0.17
1/12/2022 23:40:56,1.11.0,FR1,3,4.07,1,1,Pellet,Left,353,68,349,0,0.06,1742,nan
1/12/2022 23:41:14,1.11.0,FR1,3,4.07,1,1,Left,Left,354,68,349,0,nan,nan,0.16
1/12/2022 23:41:15,1.11.0,FR1,3,4.07,1,1,Pellet,Left,354,68,350,0,0.54,19,nan
1/12/2022 23:41:34,1.11.0,FR1,3,4.07,1,1,Left,Left,355,68,350,0,nan,nan,0.02
1/12/2022 23:41:35,1.11.0,FR1,3,4.07,1,1,Pellet,Left,355,68,351,0,0.34,20,nan
1/12/2022 23:41:48,1.11.0,FR1,3,4.07,1,1,Left,Left,356,68,351,0,nan,nan,0.03
1/12/2022 23:42:10,1.11.0,FR1,3,4.07,3,1,Pellet,Left,356,68,352,0,18.41,35,nan
1/12/2022 23:42:26,1.11.0,FR1,3,4.07,1,1,Left,Left,357,68,352,0,nan,nan,0.07
1/12/2022 23:42:27,1.11.0,FR1,3,4.07,2,1,Pellet,Left,357,68,353,0,0.06,17,nan
1/12/2022 23:58:27,1.11.0,FR1,3,4.07,1,1,Right,Left,357,69,353,0,nan,nan,1.22
1/12/2022 23:58:31,1.11.0,FR1,3,4.07,1,1,Right,Left,357,70,353,0,nan,nan,0.02
1/13/2022 0:03:21,1.11.0,FR1,3,4.07,1,1,Left,Left,358,70,353,0,nan,nan,0.07
1/13/2022 0:03:24,1.11.0,FR1,3,4.07,2,1,Pellet,Left,358,70,354,0,1.50,1257,nan
1/13/2022 0:03:52,1.11.0,FR1,3,4.07,1,1,Left,Left,359,70,354,0,nan,nan,0.22
1/13/2022 0:03:53,1.11.0,FR1,3,4.07,2,1,Pellet,Left,359,70,355,0,0.13,29,nan
1/13/2022 0:04:20,1.11.0,FR1,3,4.07,1,1,Left,Left,360,70,355,0,nan,nan,0.01
1/13/2022 0:04:22,1.11.0,FR1,3,4.07,1,1,Pellet,Left,360,70,356,0,0.88,29,nan
1/13/2022 0:04:43,1.11.0,FR1,3,4.07,1,1,Left,Left,361,70,356,0,nan,nan,0.11
1/13/2022 0:04:45,1.11.0,FR1,3,4.07,1,1,Pellet,Left,361,70,357,0,1.22,23,nan
1/13/2022 0:47:46,1.11.0,FR1,3,4.07,1,1,Left,Left,362,70,357,0,nan,nan,0.48
1/13/2022 0:47:47,1.11.0,FR1,3,4.07,1,1,Pellet,Left,362,70,358,0,0.34,2582,nan
1/13/2022 0:48:07,1.11.0,FR1,3,4.07,1,1,Left,Left,363,70,358,0,nan,nan,0.11
1/13/2022 0:48:08,1.11.0,FR1,3,4.07,2,1,Pellet,Left,363,70,359,0,0.13,21,nan
1/13/2022 0:48:22,1.11.0,FR1,3,4.07,1,1,Left,Left,364,70,359,0,nan,nan,0.06
1/13/2022 0:48:24,1.11.0,FR1,3,4.07,1,1,Pellet,Left,364,70,360,0,0.81,16,nan
1/13/2022 0:48:45,1.11.0,FR1,3,4.07,1,1,Left,Left,365,70,360,0,nan,nan,0.10
1/13/2022 0:48:47,1.11.0,FR1,3,4.07,2,1,Pellet,Left,365,70,361,0,0.47,23,nan
1/13/2022 0:48:58,1.11.0,FR1,3,4.07,1,1,Left,Left,366,70,361,0,nan,nan,0.06
1/13/2022 0:48:59,1.11.0,FR1,3,4.07,1,1,Pellet,Left,366,70,362,0,0.27,12,nan
1/13/2022 0:49:11,1.11.0,FR1,3,4.07,1,1,Left,Left,367,70,362,0,nan,nan,0.24
1/13/2022 0:49:12,1.11.0,FR1,3,4.07,1,1,Pellet,Left,367,70,363,0,0.34,13,nan
1/13/2022 0:49:27,1.11.0,FR1,3,4.07,1,1,Left,Left,368,70,363,0,nan,nan,0.21
1/13/2022 0:49:28,1.11.0,FR1,3,4.07,1,1,Pellet,Left,368,70,364,0,0.06,16,nan
1/13/2022 0:49:43,1.11.0,FR1,3,4.07,1,1,Left,Left,369,70,364,0,nan,nan,0.07
1/13/2022 0:49:44,1.11.0,FR1,3,4.07,1,1,Pellet,Left,369,70,365,0,0.20,16,nan
1/13/2022 0:50:02,1.11.0,FR1,3,4.07,1,1,Left,Left,370,70,365,0,nan,nan,0.00
1/13/2022 0:50:17,1.11.0,FR1,3,4.07,4,1,Pellet,Left,370,70,366,0,10.25,33,nan
1/13/2022 0:50:37,1.11.0,FR1,3,4.07,1,1,Left,Left,371,70,366,0,nan,nan,0.28
1/13/2022 0:50:39,1.11.0,FR1,3,4.07,2,1,Pellet,Left,371,70,367,0,0.34,22,nan
1/13/2022 1:18:13,1.11.0,FR1,3,4.07,1,1,Right,Left,371,71,367,0,nan,nan,0.36
1/13/2022 1:18:14,1.11.0,FR1,3,4.07,1,1,Right,Left,371,72,367,0,nan,nan,0.10
1/13/2022 1:18:22,1.11.0,FR1,3,4.07,1,1,Left,Left,372,72,367,0,nan,nan,0.71
1/13/2022 1:18:25,1.11.0,FR1,3,4.07,3,1,Pellet,Left,372,72,368,0,0.06,1666,nan
1/13/2022 1:18:43,1.11.0,FR1,3,4.07,1,1,Left,Left,373,72,368,0,nan,nan,0.11
1/13/2022 1:18:44,1.11.0,FR1,3,4.07,1,1,Pellet,Left,373,72,369,0,0.20,19,nan
1/13/2022 1:19:10,1.11.0,FR1,3,4.07,1,1,Left,Left,374,72,369,0,nan,nan,0.34
1/13/2022 1:19:11,1.11.0,FR1,3,4.07,2,1,Pellet,Left,374,72,370,0,0.06,27,nan
1/13/2022 1:19:32,1.11.0,FR1,3,4.07,1,1,Left,Left,375,72,370,0,nan,nan,0.08
1/13/2022 1:19:34,1.11.0,FR1,3,4.07,1,1,Pellet,Left,375,72,371,0,0.54,23,nan
1/13/2022 1:20:16,1.11.0,FR1,3,4.07,1,1,Left,Left,376,72,371,0,nan,nan,0.21
1/13/2022 1:20:42,1.11.0,FR1,3,4.07,2,1,Pellet,Left,376,72,372,0,23.82,68,nan
1/13/2022 1:21:10,1.11.0,FR1,3,4.07,1,1,Left,Left,377,72,372,0,nan,nan,0.17
1/13/2022 1:21:11,1.11.0,FR1,3,4.07,2,1,Pellet,Left,377,72,373,0,0.20,29,nan
1/13/2022 1:21:41,1.11.0,FR1,3,4.07,1,1,Left,Left,378,72,373,0,nan,nan,0.21
1/13/2022 1:21:42,1.11.0,FR1,3,4.07,1,1,Pellet,Left,378,72,374,0,0.20,31,nan
1/13/2022 1:28:03,1.11.0,FR1,3,4.06,1,1,Left,Left,379,72,374,0,nan,nan,0.11
1/13/2022 1:28:04,1.11.0,FR1,3,4.07,1,1,Pellet,Left,379,72,375,0,0.27,382,nan
1/13/2022 1:28:29,1.11.0,FR1,3,4.07,1,1,Left,Left,380,72,375,0,nan,nan,0.02
1/13/2022 1:28:30,1.11.0,FR1,3,4.07,1,1,Pellet,Left,380,72,376,0,0.27,26,nan
1/13/2022 1:28:43,1.11.0,FR1,3,4.07,1,1,Left,Left,381,72,376,0,nan,nan,0.10
1/13/2022 1:28:44,1.11.0,FR1,3,4.07,1,1,Pellet,Left,381,72,377,0,0.20,14,nan
1/13/2022 1:29:05,1.11.0,FR1,3,4.07,1,1,Left,Left,382,72,377,0,nan,nan,0.02
1/13/2022 1:29:06,1.11.0,FR1,3,4.07,1,1,Pellet,Left,382,72,378,0,0.27,22,nan
1/13/2022 1:56:54,1.11.0,FR1,3,4.06,1,1,Left,Left,383,72,378,0,nan,nan,0.17
1/13/2022 1:56:55,1.11.0,FR1,3,4.07,1,1,Pellet,Left,383,72,379,0,0.81,1669,nan
1/13/2022 1:57:15,1.11.0,FR1,3,4.07,1,1,Left,Left,384,72,379,0,nan,nan,0.20
1/13/2022 1:57:16,1.11.0,FR1,3,4.07,1,1,Pellet,Left,384,72,380,0,0.81,21,nan
1/13/2022 2:01:57,1.11.0,FR1,3,4.07,1,1,Left,Left,385,72,380,0,nan,nan,0.15
1/13/2022 2:01:58,1.11.0,FR1,3,4.07,1,1,Pellet,Left,385,72,381,0,0.88,282,nan
1/13/2022 2:02:37,1.11.0,FR1,3,4.07,1,1,Left,Left,386,72,381,0,nan,nan,0.19
1/13/2022 2:02:38,1.11.0,FR1,3,4.07,1,1,Pellet,Left,386,72,382,0,0.40,40,nan
1/13/2022 2:03:00,1.11.0,FR1,3,4.07,1,1,Left,Left,387,72,382,0,nan,nan,0.09
1/13/2022 2:03:02,1.11.0,FR1,3,4.07,1,1,Pellet,Left,387,72,383,0,0.81,24,nan
1/13/2022 2:13:30,1.11.0,FR1,3,4.07,1,1,Right,Left,387,73,383,0,nan,nan,0.26
1/13/2022 2:16:25,1.11.0,FR1,3,4.07,1,1,Left,Left,388,73,383,0,nan,nan,0.22
1/13/2022 2:16:26,1.11.0,FR1,3,4.07,1,1,Pellet,Left,388,73,384,0,0.41,804,nan
1/13/2022 2:16:45,1.11.0,FR1,3,4.07,1,1,Left,Left,389,73,384,0,nan,nan,0.06
1/13/2022 2:16:47,1.11.0,FR1,3,4.07,1,1,Pellet,Left,389,73,385,0,0.40,21,nan
1/13/2022 2:17:12,1.11.0,FR1,3,4.07,1,1,Left,Left,390,73,385,0,nan,nan,0.17
1/13/2022 2:17:13,1.11.0,FR1,3,4.07,1,1,Pellet,Left,390,73,386,0,0.20,26,nan
1/13/2022 2:25:07,1.11.0,FR1,3,4.07,1,1,Right,Left,390,74,386,0,nan,nan,0.40
1/13/2022 2:25:40,1.11.0,FR1,3,4.07,1,1,Right,Left,390,75,386,0,nan,nan,0.20
1/13/2022 2:29:48,1.11.0,FR1,3,4.07,1,1,Right,Left,390,76,386,0,nan,nan,0.22
1/13/2022 2:30:23,1.11.0,FR1,3,4.07,1,1,Right,Left,390,77,386,0,nan,nan,0.42
1/13/2022 2:31:55,1.11.0,FR1,3,4.07,1,1,Right,Left,390,78,386,0,nan,nan,0.10
1/13/2022 3:40:22,1.11.0,FR1,3,4.06,1,1,Left,Left,391,78,386,0,nan,nan,0.20
1/13/2022 3:40:23,1.11.0,FR1,3,4.07,2,1,Pellet,Left,391,78,387,0,0.13,4990,nan
1/13/2022 3:40:41,1.11.0,FR1,3,4.07,1,1,Left,Left,392,78,387,0,nan,nan,0.00
1/13/2022 3:40:43,1.11.0,FR1,3,4.06,1,1,Pellet,Left,392,78,388,0,0.81,20,nan
1/13/2022 3:41:07,1.11.0,FR1,3,4.06,1,1,Left,Left,393,78,388,0,nan,nan,0.02
1/13/2022 3:41:09,1.11.0,FR1,3,4.07,1,1,Pellet,Left,393,78,389,0,0.68,25,nan
1/13/2022 3:41:29,1.11.0,FR1,3,4.07,1,1,Left,Left,394,78,389,0,nan,nan,0.24
1/13/2022 3:41:30,1.11.0,FR1,3,4.07,2,1,Pellet,Left,394,78,390,0,0.20,22,nan
1/13/2022 3:41:57,1.11.0,FR1,3,4.07,1,1,Left,Left,395,78,390,0,nan,nan,0.14
1/13/2022 3:41:58,1.11.0,FR1,3,4.07,1,1,Pellet,Left,395,78,391,0,0.27,28,nan
1/13/2022 3:42:24,1.11.0,FR1,3,4.07,1,1,Left,Left,396,78,391,0,nan,nan,0.15
1/13/2022 3:42:25,1.11.0,FR1,3,4.07,1,1,Pellet,Left,396,78,392,0,0.27,27,nan
1/13/2022 3:42:49,1.11.0,FR1,3,4.06,1,1,Left,Left,397,78,392,0,nan,nan,0.17
1/13/2022 3:42:50,1.11.0,FR1,3,4.07,2,1,Pellet,Left,397,78,393,0,0.06,25,nan
1/13/2022 3:43:19,1.11.0,FR1,3,4.07,1,1,Left,Left,398,78,393,0,nan,nan,0.05
1/13/2022 3:43:20,1.11.0,FR1,3,4.07,1,1,Pellet,Left,398,78,394,0,0.20,30,nan
1/13/2022 3:43:50,1.11.0,FR1,3,4.07,1,1,Left,Left,399,78,394,0,nan,nan,0.22
1/13/2022 3:43:51,1.11.0,FR1,3,4.06,2,1,Pellet,Left,399,78,395,0,0.06,31,nan
1/13/2022 4:12:12,1.11.0,FR1,3,4.07,1,1,Left,Left,400,78,395,0,nan,nan,0.21
1/13/2022 4:12:14,1.11.0,FR1,3,4.06,1,1,Pellet,Left,400,78,396,0,0.54,1703,nan
1/13/2022 4:12:50,1.11.0,FR1,3,4.07,1,1,Left,Left,401,78,396,0,nan,nan,0.09
1/13/2022 4:12:51,1.11.0,FR1,3,4.07,1,1,Pellet,Left,401,78,397,0,0.27,37,nan
1/13/2022 4:13:11,1.11.0,FR1,3,4.07,1,1,Left,Left,402,78,397,0,nan,nan,0.18
1/13/2022 4:13:12,1.11.0,FR1,3,4.07,1,1,Pellet,Left,402,78,398,0,0.27,21,nan
1/13/2022 5:06:47,1.11.0,FR1,3,4.06,1,1,Left,Left,403,78,398,0,nan,nan,0.13
1/13/2022 5:06:48,1.11.0,FR1,3,4.07,1,1,Pellet,Left,403,78,399,0,0.27,3216,nan
1/13/2022 5:07:10,1.11.0,FR1,3,4.06,1,1,Left,Left,404,78,399,0,nan,nan,0.22
1/13/2022 5:07:11,1.11.0,FR1,3,4.07,1,1,Pellet,Left,404,78,400,0,0.27,23,nan
1/13/2022 5:07:29,1.11.0,FR1,3,4.07,1,1,Left,Left,405,78,400,0,nan,nan,0.29
1/13/2022 5:07:30,1.11.0,FR1,3,4.07,1,1,Pellet,Left,405,78,401,0,0.47,19,nan
1/13/2022 5:07:52,1.11.0,FR1,3,4.07,1,1,Left,Left,406,78,401,0,nan,nan,0.18
1/13/2022 5:07:55,1.11.0,FR1,3,4.06,2,1,Pellet,Left,406,78,402,0,0.47,25,nan
1/13/2022 5:37:07,1.11.0,FR1,3,4.06,1,1,Left,Left,407,78,402,0,nan,nan,0.07
1/13/2022 5:37:11,1.11.0,FR1,3,4.06,1,1,Pellet,Left,407,78,403,0,3.48,1756,nan
1/13/2022 6:37:07,1.11.0,FR1,3,4.07,1,1,Left,Left,408,78,403,0,nan,nan,0.24
1/13/2022 6:37:08,1.11.0,FR1,3,4.06,1,1,Pellet,Left,408,78,404,0,0.40,3597,nan
1/13/2022 6:37:32,1.11.0,FR1,3,4.06,1,1,Left,Left,409,78,404,0,nan,nan,0.09
1/13/2022 6:37:34,1.11.0,FR1,3,4.06,1,1,Pellet,Left,409,78,405,0,0.41,26,nan
1/13/2022 6:37:52,1.11.0,FR1,3,4.07,1,1,Left,Left,410,78,405,0,nan,nan,0.08
1/13/2022 6:37:53,1.11.0,FR1,3,4.07,2,1,Pellet,Left,410,78,406,0,0.06,19,nan
1/13/2022 6:38:21,1.11.0,FR1,3,4.06,1,1,Left,Left,411,78,406,0,nan,nan,0.11
1/13/2022 6:38:22,1.11.0,FR1,3,4.06,1,1,Pellet,Left,411,78,407,0,0.06,29,nan
1/13/2022 6:38:47,1.11.0,FR1,3,4.06,1,1,Left,Left,412,78,407,0,nan,nan,0.16
1/13/2022 6:38:49,1.11.0,FR1,3,4.06,1,1,Pellet,Left,412,78,408,0,0.88,27,nan
1/13/2022 7:06:41,1.11.0,FR1,3,4.05,1,1,Left,Left,413,78,408,0,nan,nan,0.07
1/13/2022 7:06:44,1.11.0,FR1,3,4.06,1,1,Pellet,Left,413,78,409,0,2.86,1675,nan
1/13/2022 7:11:17,1.11.0,FR1,3,4.07,1,1,Left,Left,414,78,409,0,nan,nan,0.06
1/13/2022 7:11:20,1.11.0,FR1,3,4.06,1,1,Pellet,Left,414,78,410,0,2.18,276,nan
1/13/2022 7:11:58,1.11.0,FR1,3,4.06,1,1,Left,Left,415,78,410,0,nan,nan,0.37
1/13/2022 7:12:33,1.11.0,FR1,3,4.06,1,1,Pellet,Left,415,78,411,0,34.50,73,nan
1/13/2022 7:23:07,1.11.0,FR1,3,4.06,1,1,Left,Left,416,78,411,0,nan,nan,0.85
1/13/2022 7:24:38,1.11.0,FR1,3,4.07,1,1,Pellet,Left,416,78,412,0,Timed_out,725,nan
1/13/2022 7:25:08,1.11.0,FR1,3,4.06,1,1,Left,Left,417,78,412,0,nan,nan,0.13
1/13/2022 7:25:09,1.11.0,FR1,3,4.07,1,1,Pellet,Left,417,78,413,0,0.61,31,nan
1/13/2022 7:25:26,1.11.0,FR1,3,4.06,1,1,Left,Left,418,78,413,0,nan,nan,0.09
1/13/2022 7:25:27,1.11.0,FR1,3,4.06,1,1,Pellet,Left,418,78,414,0,0.27,18,nan
1/13/2022 7:25:47,1.11.0,FR1,3,4.06,1,1,Left,Left,419,78,414,0,nan,nan,0.05
1/13/2022 7:25:47,1.11.0,FR1,3,4.07,1,1,Pellet,Left,419,78,415,0,0.20,20,nan
1/13/2022 7:26:10,1.11.0,FR1,3,4.06,1,1,Left,Left,420,78,415,0,nan,nan,0.18
1/13/2022 7:26:13,1.11.0,FR1,3,4.06,1,1,Pellet,Left,420,78,416,0,1.90,26,nan
1/13/2022 7:34:23,1.11.0,FR1,3,4.06,1,1,Right,Left,420,79,416,0,nan,nan,0.17
1/13/2022 7:36:50,1.11.0,FR1,3,4.06,1,1,Left,Left,421,79,416,0,nan,nan,0.32
1/13/2022 7:36:52,1.11.0,FR1,3,4.06,1,1,Pellet,Left,421,79,417,0,1.50,639,nan
1/13/2022 7:37:21,1.11.0,FR1,3,4.06,1,1,Left,Left,422,79,417,0,nan,nan,0.17
1/13/2022 7:37:22,1.11.0,FR1,3,4.06,2,1,Pellet,Left,422,79,418,0,0.61,30,nan
1/13/2022 7:37:50,1.11.0,FR1,3,4.07,1,1,Left,Left,423,79,418,0,nan,nan,0.20
1/13/2022 7:37:51,1.11.0,FR1,3,4.06,1,1,Pellet,Left,423,79,419,0,0.75,29,nan
1/13/2022 8:57:34,1.11.0,FR1,3,4.06,1,1,Left,Left,424,79,419,0,nan,nan,0.06
1/13/2022 8:57:47,1.11.0,FR1,3,4.06,2,1,Pellet,Left,424,79,420,0,10.39,4796,nan
1/13/2022 8:58:03,1.11.0,FR1,3,4.05,1,1,Left,Left,425,79,420,0,nan,nan,0.11
1/13/2022 8:58:04,1.11.0,FR1,3,4.06,1,1,Pellet,Left,425,79,421,0,0.20,17,nan
1/13/2022 8:58:20,1.11.0,FR1,3,4.06,1,1,Left,Left,426,79,421,0,nan,nan,0.11
1/13/2022 8:58:21,1.11.0,FR1,3,4.05,1,1,Pellet,Left,426,79,422,0,0.20,17,nan
1/13/2022 8:58:40,1.11.0,FR1,3,4.05,1,1,Left,Left,427,79,422,0,nan,nan,0.16
1/13/2022 8:58:41,1.11.0,FR1,3,4.05,2,1,Pellet,Left,427,79,423,0,0.06,20,nan
1/13/2022 8:59:02,1.11.0,FR1,3,4.05,1,1,Left,Left,428,79,423,0,nan,nan,0.17
1/13/2022 8:59:03,1.11.0,FR1,3,4.06,2,1,Pellet,Left,428,79,424,0,0.06,21,nan
1/13/2022 8:59:19,1.11.0,FR1,3,4.05,1,1,Left,Left,429,79,424,0,nan,nan,0.08
1/13/2022 8:59:20,1.11.0,FR1,3,4.06,1,1,Pellet,Left,429,79,425,0,0.06,18,nan
1/13/2022 8:59:41,1.11.0,FR1,3,4.06,1,1,Left,Left,430,79,425,0,nan,nan,0.17
1/13/2022 8:59:42,1.11.0,FR1,3,4.05,1,1,Pellet,Left,430,79,426,0,0.27,22,nan
1/13/2022 8:59:58,1.11.0,FR1,3,4.05,1,1,Left,Left,431,79,426,0,nan,nan,0.09
1/13/2022 9:00:12,1.11.0,FR1,3,4.05,2,1,Pellet,Left,431,79,427,0,11.97,30,nan
1/13/2022 9:00:30,1.11.0,FR1,3,4.06,1,1,Left,Left,432,79,427,0,nan,nan,0.01
1/13/2022 9:00:31,1.11.0,FR1,3,4.06,2,1,Pellet,Left,432,79,428,0,0.13,19,nan
1/13/2022 9:13:39,1.11.0,FR1,3,4.06,1,1,Left,Left,433,79,428,0,nan,nan,0.15
1/13/2022 9:14:36,1.11.0,FR1,3,4.05,1,1,Pellet,Left,433,79,429,0,55.75,845,nan
1/13/2022 9:15:03,1.11.0,FR1,3,4.05,1,1,Left,Left,434,79,429,0,nan,nan,0.23
1/13/2022 9:15:05,1.11.0,FR1,3,4.06,1,1,Pellet,Left,434,79,430,0,0.88,29,nan
1/13/2022 9:15:55,1.11.0,FR1,3,4.06,1,1,Left,Left,435,79,430,0,nan,nan,0.19
1/13/2022 9:15:57,1.11.0,FR1,3,4.06,1,1,Pellet,Left,435,79,431,0,1.56,52,nan
1/13/2022 9:24:26,1.11.0,FR1,3,4.05,1,1,Right,Left,435,80,431,0,nan,nan,0.03
1/13/2022 9:25:39,1.11.0,FR1,3,4.06,1,1,Left,Left,436,80,431,0,nan,nan,0.04
1/13/2022 9:25:40,1.11.0,FR1,3,4.05,1,1,Pellet,Left,436,80,432,0,0.68,583,nan
1/13/2022 9:55:48,1.11.0,FR1,3,4.05,1,1,Left,Left,437,80,432,0,nan,nan,0.26
1/13/2022 9:55:51,1.11.0,FR1,3,4.05,1,1,Pellet,Left,437,80,433,0,1.43,1811,nan
